7.686135E+00 7.639468E+00 7.596022E+00 7.556914E+00 7.523348E+00 7.496670E+00 7.478519E+00 7.523970E+00 7.521040E+00 7.536561E+00 7.616805E+00 7.477334E+00 7.578341E+00 7.717702E+00 7.897879E+00 8.096292E+00 8.274498E+00 8.345208E+00 8.290337E+00 8.148337E+00 7.992288E+00 7.821751E+00 7.686702E+00 7.600498E+00 7.580346E+00 7.648892E+00 7.819059E+00 8.057177E+00 8.369229E+00 8.546308E+00 8.560142E+00 8.629059E+00 8.702358E+00 8.919761E+00 9.011361E+00 9.115685E+00 9.233610E+00 9.362510E+00 9.340462E+00 9.413106E+00 9.340479E+00 9.282673E+00 9.139001E+00 9.033237E+00 8.829515E+00 8.659020E+00 8.540091E+00 8.472034E+00 8.569426E+00 8.623078E+00 8.727580E+00 8.804584E+00 8.886123E+00 9.212296E+00 9.267845E+00 9.285982E+00 9.238159E+00 9.094060E+00 8.802768E+00 8.458587E+00 8.365485E+00 8.132634E+00 7.753990E+00 7.384286E+00 7.058930E+00 6.756517E+00 6.474238E+00 6.209558E+00 6.009113E+00 5.763192E+00 5.488274E+00 5.316802E+00 5.124218E+00 4.848255E+00 4.697699E+00 4.619135E+00 4.554999E+00 4.505167E+00 4.465038E+00 4.432391E+00 4.342533E+00 4.341053E+00 4.322663E+00 4.311228E+00 4.307368E+00 4.312372E+00 4.328896E+00 4.362007E+00 4.420153E+00 4.514175E+00 4.541458E+00 4.728378E+00 4.971647E+00 5.277481E+00 5.696745E+00 6.140624E+00 6.646315E+00 7.200158E+00 7.779922E+00 8.355494E+00
7.517021E+00 7.450802E+00 7.388262E+00 7.331084E+00 7.280822E+00 7.238870E+00 7.206695E+00 7.186401E+00 7.207481E+00 7.217764E+00 7.263594E+00 7.364887E+00 7.347868E+00 7.515936E+00 7.717006E+00 7.916753E+00 8.062852E+00 8.084523E+00 8.002041E+00 7.864730E+00 7.723178E+00 7.619874E+00 7.560639E+00 7.576351E+00 7.694893E+00 7.924482E+00 8.211082E+00 8.465109E+00 8.708703E+00 8.831882E+00 8.933812E+00 8.910227E+00 9.000990E+00 9.224424E+00 9.348185E+00 9.491485E+00 9.657796E+00 9.738858E+00 9.896790E+00 1.003742E+01 1.020039E+01 1.002348E+01 9.899688E+00 9.784689E+00 9.573473E+00 9.393361E+00 9.262072E+00 9.282643E+00 9.284233E+00 9.291105E+00 9.506130E+00 9.421815E+00 9.464489E+00 9.680005E+00 9.642361E+00 9.521550E+00 9.284958E+00 8.884204E+00 8.434962E+00 7.959252E+00 7.553519E+00 7.427088E+00 7.045823E+00 6.688473E+00 6.375799E+00 6.089579E+00 5.825771E+00 5.639807E+00 5.400670E+00 5.179872E+00 4.975877E+00 4.798963E+00 4.655484E+00 4.448235E+00 4.377209E+00 4.329642E+00 4.287743E+00 4.252439E+00 4.222526E+00 4.203229E+00 4.149897E+00 4.134733E+00 4.127588E+00 4.128733E+00 4.138478E+00 4.157981E+00 4.190640E+00 4.244409E+00 4.333449E+00 4.391833E+00 4.594328E+00 4.876004E+00 5.246371E+00 5.749275E+00 6.312926E+00 6.962921E+00 7.680569E+00 8.434933E+00 9.181781E+00 9.867244E+00
7.398438E+00 7.313235E+00 7.234074E+00 7.164204E+00 7.105889E+00 7.059818E+00 7.025192E+00 7.000687E+00 6.986365E+00 6.994865E+00 7.023525E+00 7.101539E+00 7.255049E+00 7.341077E+00 7.544296E+00 7.718264E+00 7.815971E+00 7.810858E+00 7.718884E+00 7.620143E+00 7.545690E+00 7.534541E+00 7.602317E+00 7.786722E+00 8.080579E+00 8.406854E+00 8.668172E+00 8.835644E+00 9.002189E+00 9.113511E+00 9.233347E+00 9.257456E+00 9.384743E+00 9.526932E+00 9.796683E+00 1.000122E+01 1.024989E+01 1.044814E+01 1.074215E+01 1.103296E+01 1.132267E+01 1.127950E+01 1.120597E+01 1.098015E+01 1.078996E+01 1.056567E+01 1.038890E+01 1.034561E+01 1.030417E+01 1.025507E+01 1.035772E+01 1.021495E+01 1.013392E+01 9.986556E+00 9.867681E+00 9.479850E+00 8.968725E+00 8.357559E+00 7.792292E+00 7.286017E+00 6.867724E+00 6.673418E+00 6.325570E+00 6.014841E+00 5.725324E+00 5.467635E+00 5.230075E+00 5.055953E+00 4.847476E+00 4.664008E+00 4.506895E+00 4.390397E+00 4.244483E+00 4.193730E+00 4.153900E+00 4.120372E+00 4.086402E+00 4.055106E+00 4.031801E+00 4.013764E+00 3.980250E+00 3.979074E+00 3.986776E+00 4.001205E+00 4.020977E+00 4.047087E+00 4.086208E+00 4.156732E+00 4.230759E+00 4.450998E+00 4.784275E+00 5.247454E+00 5.842946E+00 6.598182E+00 7.440696E+00 8.377262E+00 9.369021E+00 1.035196E+01 1.123649E+01 1.192914E+01
7.383876E+00 7.275367E+00 7.175756E+00 7.094412E+00 7.038386E+00 7.008345E+00 6.998319E+00 6.998625E+00 6.998762E+00 6.991054E+00 6.972554E+00 6.971335E+00 7.071318E+00 7.255302E+00 7.358550E+00 7.493545E+00 7.554762E+00 7.547639E+00 7.512363E+00 7.487658E+00 7.531979E+00 7.674963E+00 7.946063E+00 8.298067E+00 8.646229E+00 8.895583E+00 9.035717E+00 9.140664E+00 9.271160E+00 9.460826E+00 9.626238E+00 9.715415E+00 9.888991E+00 1.008360E+01 1.039086E+01 1.068699E+01 1.101567E+01 1.147065E+01 1.201045E+01 1.258133E+01 1.311393E+01 1.324678E+01 1.319715E+01 1.294883E+01 1.270385E+01 1.241588E+01 1.221462E+01 1.197404E+01 1.180149E+01 1.158125E+01 1.142343E+01 1.105138E+01 1.065696E+01 1.015854E+01 9.633821E+00 8.939174E+00 8.200685E+00 7.549971E+00 7.003298E+00 6.558472E+00 6.198367E+00 5.991688E+00 5.697502E+00 5.425874E+00 5.166911E+00 4.929253E+00 4.743613E+00 4.544549E+00 4.382710E+00 4.266952E+00 4.192551E+00 4.150629E+00 4.086461E+00 4.056569E+00 4.020921E+00 3.981409E+00 3.941003E+00 3.907391E+00 3.890249E+00 3.876296E+00 3.888424E+00 3.906888E+00 3.925073E+00 3.939081E+00 3.947770E+00 3.955505E+00 3.984307E+00 4.052276E+00 4.294914E+00 4.719431E+00 5.326887E+00 6.102764E+00 7.056167E+00 8.136952E+00 9.350246E+00 1.065944E+01 1.197772E+01 1.313866E+01 1.393372E+01 1.427372E+01
7.574640E+00 7.433592E+00 7.284731E+00 7.147550E+00 7.062280E+00 7.054586E+00 7.100275E+00 7.165845E+00 7.226639E+00 7.256233E+00 7.211212E+00 7.097176E+00 7.034647E+00 7.094380E+00 7.214278E+00 7.270995E+00 7.337098E+00 7.386945E+00 7.463198E+00 7.610700E+00 7.856415E+00 8.192664E+00 8.587323E+00 8.933014E+00 9.151565E+00 9.247181E+00 9.322975E+00 9.503313E+00 9.710025E+00 9.943592E+00 1.015571E+01 1.037491E+01 1.054294E+01 1.079346E+01 1.109535E+01 1.152552E+01 1.203069E+01 1.271449E+01 1.351711E+01 1.437690E+01 1.508848E+01 1.554086E+01 1.577486E+01 1.583615E+01 1.570898E+01 1.542812E+01 1.500473E+01 1.442241E+01 1.379715E+01 1.310095E+01 1.229338E+01 1.144561E+01 1.054793E+01 9.668175E+00 8.791791E+00 7.977171E+00 7.236494E+00 6.701398E+00 6.321522E+00 6.016547E+00 5.731214E+00 5.456082E+00 5.240203E+00 4.972532E+00 4.712237E+00 4.466364E+00 4.276614E+00 4.152364E+00 4.112329E+00 4.111125E+00 4.118742E+00 4.108958E+00 4.059831E+00 4.015241E+00 3.957549E+00 3.893496E+00 3.842214E+00 3.834434E+00 3.867173E+00 3.901612E+00 3.933271E+00 3.949915E+00 3.948338E+00 3.925713E+00 3.880460E+00 3.828063E+00 3.846734E+00 4.159018E+00 4.777204E+00 5.598110E+00 6.583641E+00 7.746922E+00 9.078713E+00 1.060117E+01 1.231106E+01 1.413538E+01 1.574384E+01 1.643616E+01 1.623464E+01 1.571573E+01
8.098383E+00 7.967544E+00 7.807337E+00 7.611843E+00 7.374315E+00 7.087089E+00 7.237505E+00 7.388970E+00 7.527845E+00 7.608889E+00 7.569019E+00 7.451819E+00 7.317587E+00 7.216168E+00 7.153715E+00 7.115468E+00 7.352010E+00 7.596724E+00 7.868641E+00 8.185477E+00 8.556179E+00 8.954142E+00 9.275232E+00 9.449822E+00 9.504857E+00 9.493275E+00 9.803503E+00 1.006684E+01 1.031783E+01 1.058740E+01 1.084710E+01 1.111456E+01 1.138089E+01 1.166328E+01 1.194242E+01 1.221100E+01 1.288193E+01 1.356172E+01 1.426104E+01 1.498082E+01 1.578224E+01 1.664240E+01 1.756234E+01 1.850120E+01 1.950963E+01 2.056467E+01 1.845044E+01 1.657939E+01 1.491239E+01 1.344016E+01 1.211315E+01 1.091811E+01 9.826787E+00 8.803506E+00 7.817498E+00 6.871438E+00 6.649672E+00 6.398440E+00 6.115582E+00 5.840607E+00 5.549022E+00 5.252766E+00 4.947684E+00 4.656121E+00 4.351248E+00 4.044232E+00 4.112143E+00 4.170916E+00 4.218891E+00 4.246589E+00 4.237424E+00 4.201640E+00 4.138492E+00 4.060873E+00 3.962089E+00 3.841568E+00 3.950069E+00 4.034466E+00 4.092890E+00 4.126495E+00 4.133783E+00 4.112800E+00 4.058704E+00 3.961707E+00 3.806580E+00 3.604256E+00 4.354960E+00 5.218651E+00 6.212271E+00 7.355628E+00 8.671960E+00 1.019034E+01 1.195209E+01 1.400471E+01 1.641215E+01 1.925692E+01 1.809028E+01 1.706553E+01 1.619937E+01 1.547739E+01
8.892948E+00 8.803685E+00 8.683401E+00 8.526765E+00 8.329870E+00 8.096196E+00 7.865133E+00 7.774978E+00 7.866799E+00 7.983403E+00 8.033882E+00 7.979966E+00 7.895655E+00 7.837519E+00 7.840844E+00 7.935548E+00 8.117049E+00 8.380541E+00 8.688347E+00 9.049787E+00 9.415480E+00 9.680739E+00 9.803747E+00 9.848622E+00 9.931432E+00 1.020446E+01 1.049438E+01 1.078527E+01 1.109182E+01 1.142424E+01 1.177528E+01 1.218734E+01 1.259226E+01 1.298743E+01 1.331590E+01 1.354830E+01 1.374281E+01 1.388749E+01 1.418223E+01 1.486177E+01 1.563282E+01 1.640369E+01 1.710961E+01 1.760420E+01 1.780133E+01 1.749742E+01 1.661197E+01 1.534645E+01 1.399794E+01 1.268456E+01 1.147533E+01 1.036539E+01 9.390316E+00 8.533831E+00 7.861273E+00 7.399368E+00 6.997016E+00 6.623360E+00 6.271807E+00 5.934247E+00 5.605805E+00 5.268073E+00 4.981233E+00 4.743143E+00 4.591402E+00 4.502071E+00 4.506235E+00 4.525728E+00 4.545819E+00 4.528564E+00 4.492684E+00 4.450371E+00 4.395290E+00 4.352803E+00 4.358180E+00 4.408949E+00 4.467409E+00 4.515157E+00 4.547530E+00 4.552598E+00 4.533851E+00 4.492285E+00 4.435630E+00 4.415436E+00 4.669209E+00 5.294880E+00 6.153482E+00 7.181723E+00 8.372537E+00 9.735852E+00 1.126702E+01 1.300737E+01 1.489388E+01 1.665703E+01 1.750384E+01 1.720526E+01 1.649232E+01 1.575057E+01 1.508893E+01 1.453455E+01
9.910304E+00 9.770841E+00 9.678978E+00 9.545958E+00 9.366087E+00 9.135503E+00 8.859329E+00 8.575720E+00 8.615678E+00 8.750454E+00 8.830128E+00 8.777958E+00 8.710798E+00 8.683049E+00 8.726075E+00 8.845262E+00 9.043354E+00 9.320002E+00 9.665740E+00 9.979904E+00 1.016925E+01 1.022397E+01 1.025314E+01 1.038276E+01 1.065922E+01 1.097015E+01 1.130360E+01 1.167610E+01 1.209943E+01 1.257887E+01 1.309721E+01 1.367019E+01 1.407141E+01 1.429749E+01 1.431122E+01 1.416628E+01 1.411486E+01 1.395184E+01 1.451434E+01 1.510421E+01 1.566896E+01 1.616774E+01 1.652793E+01 1.663576E+01 1.650820E+01 1.608723E+01 1.534133E+01 1.440329E+01 1.338213E+01 1.236172E+01 1.139663E+01 1.048094E+01 9.698888E+00 8.978014E+00 8.377794E+00 7.900562E+00 7.426493E+00 7.002205E+00 6.613222E+00 6.258838E+00 5.939727E+00 5.620036E+00 5.399558E+00 5.234046E+00 5.120215E+00 5.016954E+00 4.999254E+00 5.005065E+00 4.993284E+00 4.979200E+00 4.968241E+00 4.985366E+00 5.003456E+00 5.044652E+00 5.101532E+00 5.154114E+00 5.204688E+00 5.243311E+00 5.285693E+00 5.309033E+00 5.336480E+00 5.389001E+00 5.510596E+00 5.919911E+00 6.552773E+00 7.376677E+00 8.363113E+00 9.497192E+00 1.076721E+01 1.211581E+01 1.354995E+01 1.489136E+01 1.587149E+01 1.624139E+01 1.605484E+01 1.555608E+01 1.496652E+01 1.440043E+01 1.390702E+01 1.371311E+01
1.093446E+01 1.088687E+01 1.079923E+01 1.060970E+01 1.043353E+01 1.019669E+01 9.904203E+00 9.728535E+00 9.761031E+00 9.845701E+00 9.831158E+00 9.724958E+00 9.620738E+00 9.611182E+00 9.683731E+00 9.839471E+00 1.007934E+01 1.037228E+01 1.062477E+01 1.073504E+01 1.071075E+01 1.071043E+01 1.086668E+01 1.114997E+01 1.147614E+01 1.185614E+01 1.230489E+01 1.283672E+01 1.344145E+01 1.406744E+01 1.463347E+01 1.513911E+01 1.533401E+01 1.529633E+01 1.503413E+01 1.466168E+01 1.458732E+01 1.486593E+01 1.530918E+01 1.574748E+01 1.611650E+01 1.640390E+01 1.654401E+01 1.646019E+01 1.621630E+01 1.576641E+01 1.511519E+01 1.435602E+01 1.353694E+01 1.271445E+01 1.191027E+01 1.104714E+01 1.026101E+01 9.566098E+00 8.953756E+00 8.459007E+00 7.956966E+00 7.522854E+00 7.131515E+00 6.788246E+00 6.491529E+00 6.173744E+00 5.976854E+00 5.824009E+00 5.713292E+00 5.625876E+00 5.618571E+00 5.638068E+00 5.668361E+00 5.711278E+00 5.770809E+00 5.873298E+00 5.957962E+00 6.047890E+00 6.129501E+00 6.211041E+00 6.287084E+00 6.387258E+00 6.472887E+00 6.575542E+00 6.707190E+00 6.903412E+00 7.346183E+00 7.965255E+00 8.725456E+00 9.608798E+00 1.059653E+01 1.166085E+01 1.275375E+01 1.374662E+01 1.460796E+01 1.514833E+01 1.529790E+01 1.509349E+01 1.467228E+01 1.416474E+01 1.366117E+01 1.321087E+01 1.298060E+01 1.277628E+01
1.202843E+01 1.199779E+01 1.191753E+01 1.177996E+01 1.152398E+01 1.125083E+01 1.096341E+01 1.085564E+01 1.088519E+01 1.087711E+01 1.076070E+01 1.062465E+01 1.056609E+01 1.060683E+01 1.073606E+01 1.094671E+01 1.119266E+01 1.135999E+01 1.135793E+01 1.125972E+01 1.123132E+01 1.137633E+01 1.165726E+01 1.200874E+01 1.243233E+01 1.295092E+01 1.358229E+01 1.428797E+01 1.499579E+01 1.562808E+01 1.614166E+01 1.655151E+01 1.662318E+01 1.644415E+01 1.606355E+01 1.571451E+01 1.597381E+01 1.624210E+01 1.655323E+01 1.684496E+01 1.705158E+01 1.719244E+01 1.719987E+01 1.705848E+01 1.672408E+01 1.626596E+01 1.569960E+01 1.503630E+01 1.431684E+01 1.354963E+01 1.270864E+01 1.173594E+01 1.094062E+01 1.023356E+01 9.603962E+00 9.085806E+00 8.584380E+00 8.140263E+00 7.752801E+00 7.419282E+00 7.138185E+00 6.810653E+00 6.630771E+00 6.499087E+00 6.421852E+00 6.407057E+00 6.470406E+00 6.566771E+00 6.684584E+00 6.820489E+00 6.972166E+00 7.168683E+00 7.322088E+00 7.466736E+00 7.595157E+00 7.721164E+00 7.846102E+00 8.014935E+00 8.157852E+00 8.313931E+00 8.517905E+00 8.916183E+00 9.457184E+00 1.009696E+01 1.081536E+01 1.159085E+01 1.239017E+01 1.316300E+01 1.378708E+01 1.429264E+01 1.455252E+01 1.454619E+01 1.430161E+01 1.390118E+01 1.343113E+01 1.296064E+01 1.253362E+01 1.233810E+01 1.206207E+01 1.182918E+01
1.315601E+01 1.317939E+01 1.308920E+01 1.291184E+01 1.262671E+01 1.226430E+01 1.196266E+01 1.188532E+01 1.186130E+01 1.176749E+01 1.163441E+01 1.156103E+01 1.159013E+01 1.172026E+01 1.190867E+01 1.209740E+01 1.216100E+01 1.204307E+01 1.186391E+01 1.179433E+01 1.190781E+01 1.217936E+01 1.254086E+01 1.300559E+01 1.359243E+01 1.430088E+01 1.506639E+01 1.584881E+01 1.659058E+01 1.726915E+01 1.785865E+01 1.834272E+01 1.845270E+01 1.828714E+01 1.797237E+01 1.780973E+01 1.807317E+01 1.821009E+01 1.837330E+01 1.852091E+01 1.861740E+01 1.861270E+01 1.852711E+01 1.832449E+01 1.794687E+01 1.746098E+01 1.691278E+01 1.623801E+01 1.544472E+01 1.451187E+01 1.351260E+01 1.247058E+01 1.164518E+01 1.091116E+01 1.026053E+01 9.705956E+00 9.205458E+00 8.765241E+00 8.390144E+00 8.076949E+00 7.828203E+00 7.517372E+00 7.389298E+00 7.332300E+00 7.366798E+00 7.501662E+00 7.694442E+00 7.923609E+00 8.177360E+00 8.444193E+00 8.715843E+00 9.017396E+00 9.239671E+00 9.424912E+00 9.586254E+00 9.727407E+00 9.905821E+00 1.002615E+01 1.013904E+01 1.027943E+01 1.056238E+01 1.095252E+01 1.141234E+01 1.191725E+01 1.244505E+01 1.296494E+01 1.343603E+01 1.380977E+01 1.399073E+01 1.405038E+01 1.392214E+01 1.363237E+01 1.323119E+01 1.277690E+01 1.232175E+01 1.190348E+01 1.167167E+01 1.139144E+01 1.115358E+01 1.094447E+01
1.437407E+01 1.438289E+01 1.412508E+01 1.386087E+01 1.346608E+01 1.309541E+01 1.288124E+01 1.279924E+01 1.273606E+01 1.264105E+01 1.259349E+01 1.264066E+01 1.277371E+01 1.294725E+01 1.305758E+01 1.299309E+01 1.275403E+01 1.249768E+01 1.238456E+01 1.246059E+01 1.268560E+01 1.303249E+01 1.349357E+01 1.409047E+01 1.483767E+01 1.574872E+01 1.660202E+01 1.747962E+01 1.841618E+01 1.937527E+01 2.035617E+01 2.104310E+01 2.137513E+01 2.136367E+01 2.115615E+01 2.114073E+01 2.105394E+01 2.101632E+01 2.100534E+01 2.099001E+01 2.093827E+01 2.079673E+01 2.059659E+01 2.029306E+01 1.980806E+01 1.925808E+01 1.847943E+01 1.756729E+01 1.646824E+01 1.528808E+01 1.407361E+01 1.308904E+01 1.222415E+01 1.146412E+01 1.080166E+01 1.024844E+01 9.737242E+00 9.325914E+00 8.993948E+00 8.739494E+00 8.440259E+00 8.347963E+00 8.353814E+00 8.477106E+00 8.727748E+00 9.068343E+00 9.487071E+00 9.924926E+00 1.037477E+01 1.080643E+01 1.125765E+01 1.156129E+01 1.177459E+01 1.190754E+01 1.198395E+01 1.202254E+01 1.206220E+01 1.205322E+01 1.206010E+01 1.218708E+01 1.236810E+01 1.260632E+01 1.287219E+01 1.314381E+01 1.339616E+01 1.360032E+01 1.372531E+01 1.369819E+01 1.360238E+01 1.338066E+01 1.305087E+01 1.264431E+01 1.219811E+01 1.174928E+01 1.137055E+01 1.101865E+01 1.071831E+01 1.046200E+01 1.023670E+01 1.026789E+01
1.550070E+01 1.555689E+01 1.540189E+01 1.487687E+01 1.443876E+01 1.407069E+01 1.385151E+01 1.374016E+01 1.367718E+01 1.366835E+01 1.375804E+01 1.390165E+01 1.403114E+01 1.402561E+01 1.379987E+01 1.344317E+01 1.312163E+01 1.296591E+01 1.299984E+01 1.318766E+01 1.351152E+01 1.397881E+01 1.460915E+01 1.537244E+01 1.626466E+01 1.729154E+01 1.843530E+01 1.944442E+01 2.083607E+01 2.236597E+01 2.393041E+01 2.520686E+01 2.594365E+01 2.610932E+01 2.591215E+01 2.573024E+01 2.544984E+01 2.513152E+01 2.486866E+01 2.459910E+01 2.428696E+01 2.388190E+01 2.340755E+01 2.280511E+01 2.198942E+01 2.105457E+01 1.991374E+01 1.841722E+01 1.699664E+01 1.567487E+01 1.440909E+01 1.339415E+01 1.251506E+01 1.175861E+01 1.111663E+01 1.060269E+01 1.016265E+01 9.785485E+00 9.557021E+00 9.438617E+00 9.313568E+00 9.446849E+00 9.732313E+00 1.017773E+01 1.075170E+01 1.141571E+01 1.221112E+01 1.291858E+01 1.359485E+01 1.413253E+01 1.455285E+01 1.468070E+01 1.464510E+01 1.451009E+01 1.432840E+01 1.415007E+01 1.393966E+01 1.379274E+01 1.366545E+01 1.361873E+01 1.362320E+01 1.364794E+01 1.367423E+01 1.368550E+01 1.366367E+01 1.358894E+01 1.344353E+01 1.318859E+01 1.289466E+01 1.253603E+01 1.213021E+01 1.169412E+01 1.125322E+01 1.083911E+01 1.046488E+01 1.014072E+01 9.866233E+00 9.633728E+00 9.611302E+00 9.462081E+00
1.619977E+01 1.644158E+01 1.641860E+01 1.609651E+01 1.554961E+01 1.520864E+01 1.498445E+01 1.488297E+01 1.488348E+01 1.496659E+01 1.507594E+01 1.509468E+01 1.489672E+01 1.450477E+01 1.405036E+01 1.368453E+01 1.349476E+01 1.348822E+01 1.363710E+01 1.394525E+01 1.441319E+01 1.503430E+01 1.579476E+01 1.666150E+01 1.765608E+01 1.883552E+01 2.029133E+01 2.206826E+01 2.418281E+01 2.653623E+01 2.890771E+01 3.112599E+01 3.259686E+01 3.317372E+01 3.312849E+01 3.272779E+01 3.219279E+01 3.152014E+01 3.078375E+01 2.998660E+01 2.880230E+01 2.769484E+01 2.648858E+01 2.510976E+01 2.358204E+01 2.191925E+01 2.017695E+01 1.849584E+01 1.698220E+01 1.566909E+01 1.425604E+01 1.327368E+01 1.242759E+01 1.171988E+01 1.113797E+01 1.068634E+01 1.037613E+01 1.021405E+01 1.022686E+01 1.043171E+01 1.056430E+01 1.112501E+01 1.187726E+01 1.280319E+01 1.386964E+01 1.511072E+01 1.627630E+01 1.727155E+01 1.787715E+01 1.796175E+01 1.802405E+01 1.754404E+01 1.703634E+01 1.651068E+01 1.602433E+01 1.562450E+01 1.521569E+01 1.488441E+01 1.462849E+01 1.441290E+01 1.421052E+01 1.401765E+01 1.382774E+01 1.362810E+01 1.340226E+01 1.313511E+01 1.279715E+01 1.244946E+01 1.207884E+01 1.169044E+01 1.127754E+01 1.083605E+01 1.038450E+01 9.975101E+00 9.608882E+00 9.295505E+00 9.039085E+00 8.956453E+00 8.825787E+00 8.733492E+00
1.618029E+01 1.669911E+01 1.712082E+01 1.723170E+01 1.703931E+01 1.669620E+01 1.650641E+01 1.640348E+01 1.635167E+01 1.624129E+01 1.597239E+01 1.553757E+01 1.501692E+01 1.451806E+01 1.413087E+01 1.392165E+01 1.387721E+01 1.400254E+01 1.430861E+01 1.478334E+01 1.539900E+01 1.612108E+01 1.692341E+01 1.780993E+01 1.884760E+01 2.016273E+01 2.193819E+01 2.426795E+01 2.714008E+01 3.046056E+01 3.406113E+01 3.774424E+01 4.094256E+01 4.332596E+01 4.453349E+01 4.445367E+01 4.321969E+01 4.125811E+01 3.887593E+01 3.629313E+01 3.342340E+01 3.072039E+01 2.808523E+01 2.556490E+01 2.319798E+01 2.102606E+01 1.910006E+01 1.745830E+01 1.606841E+01 1.488025E+01 1.368691E+01 1.279195E+01 1.202729E+01 1.138456E+01 1.087927E+01 1.051091E+01 1.038127E+01 1.057137E+01 1.110196E+01 1.189444E+01 1.269260E+01 1.386062E+01 1.524686E+01 1.686670E+01 1.871393E+01 2.073578E+01 2.239093E+01 2.285013E+01 2.204988E+01 2.081081E+01 1.995314E+01 1.896776E+01 1.811452E+01 1.738683E+01 1.674972E+01 1.622018E+01 1.575132E+01 1.533127E+01 1.491125E+01 1.451465E+01 1.415358E+01 1.382210E+01 1.350267E+01 1.317658E+01 1.282654E+01 1.244379E+01 1.203845E+01 1.168667E+01 1.134682E+01 1.095938E+01 1.052142E+01 1.002976E+01 9.576153E+00 9.151010E+00 8.769937E+00 8.453209E+00 8.287678E+00 8.182176E+00 8.146084E+00 8.144743E+00
1.566343E+01 1.628792E+01 1.695772E+01 1.762058E+01 1.823607E+01 1.882116E+01 1.815862E+01 1.755133E+01 1.696523E+01 1.638625E+01 1.581481E+01 1.527396E+01 1.480281E+01 1.444402E+01 1.422046E+01 1.411180E+01 1.430221E+01 1.462866E+01 1.510633E+01 1.570775E+01 1.639604E+01 1.712605E+01 1.788266E+01 1.865967E+01 1.948966E+01 2.038210E+01 2.264782E+01 2.522199E+01 2.814058E+01 3.145659E+01 3.525662E+01 3.963561E+01 4.472677E+01 5.064682E+01 5.754466E+01 6.554258E+01 5.716448E+01 5.000938E+01 4.385671E+01 3.853962E+01 3.391075E+01 2.990579E+01 2.644154E+01 2.345796E+01 2.091315E+01 1.877242E+01 1.735286E+01 1.606846E+01 1.492437E+01 1.391317E+01 1.300733E+01 1.222304E+01 1.153875E+01 1.094595E+01 1.043169E+01 1.000416E+01 1.091294E+01 1.194407E+01 1.311657E+01 1.445265E+01 1.599773E+01 1.778784E+01 1.991952E+01 2.249369E+01 2.565856E+01 2.951862E+01 2.669546E+01 2.436067E+01 2.245271E+01 2.091209E+01 1.978711E+01 1.881437E+01 1.799455E+01 1.728190E+01 1.668086E+01 1.622118E+01 1.558621E+01 1.502760E+01 1.452409E+01 1.408639E+01 1.368784E+01 1.331173E+01 1.293489E+01 1.254358E+01 1.212201E+01 1.165967E+01 1.141275E+01 1.111058E+01 1.073953E+01 1.028178E+01 9.799096E+00 9.308634E+00 8.835698E+00 8.391632E+00 7.979659E+00 7.600986E+00 7.653647E+00 7.704245E+00 7.757213E+00 7.813688E+00
1.508312E+01 1.563572E+01 1.625081E+01 1.681071E+01 1.722708E+01 1.737354E+01 1.719877E+01 1.675776E+01 1.628289E+01 1.579781E+01 1.534588E+01 1.495856E+01 1.466256E+01 1.448361E+01 1.446000E+01 1.461622E+01 1.493644E+01 1.539796E+01 1.596258E+01 1.662055E+01 1.734549E+01 1.811885E+01 1.897044E+01 1.992330E+01 2.096690E+01 2.215157E+01 2.349027E+01 2.501555E+01 2.678312E+01 2.887691E+01 3.130490E+01 3.421352E+01 3.742014E+01 4.058115E+01 4.303369E+01 4.398575E+01 4.289257E+01 4.010251E+01 3.649279E+01 3.272546E+01 2.915810E+01 2.611302E+01 2.330546E+01 2.090700E+01 1.893208E+01 1.735456E+01 1.605214E+01 1.497697E+01 1.403820E+01 1.323674E+01 1.256412E+01 1.214666E+01 1.177092E+01 1.163105E+01 1.185899E+01 1.247823E+01 1.340364E+01 1.452082E+01 1.587967E+01 1.744917E+01 1.925043E+01 2.158463E+01 2.372750E+01 2.554861E+01 2.610211E+01 2.519810E+01 2.372276E+01 2.208240E+01 2.078035E+01 1.969492E+01 1.880268E+01 1.781108E+01 1.711045E+01 1.645975E+01 1.586028E+01 1.530276E+01 1.478705E+01 1.429223E+01 1.386320E+01 1.346740E+01 1.308537E+01 1.271379E+01 1.233712E+01 1.195630E+01 1.161376E+01 1.131881E+01 1.101824E+01 1.065555E+01 1.019702E+01 9.704555E+00 9.207750E+00 8.752107E+00 8.376942E+00 8.112447E+00 7.981935E+00 7.902657E+00 7.856467E+00 7.828756E+00 7.814993E+00 7.816077E+00
1.458738E+01 1.506995E+01 1.557727E+01 1.604840E+01 1.635219E+01 1.644564E+01 1.632798E+01 1.606287E+01 1.566951E+01 1.534874E+01 1.506747E+01 1.485716E+01 1.474348E+01 1.474906E+01 1.489039E+01 1.517694E+01 1.561314E+01 1.616620E+01 1.682483E+01 1.756729E+01 1.827161E+01 1.902986E+01 1.971794E+01 2.032757E+01 2.087866E+01 2.151547E+01 2.224001E+01 2.306382E+01 2.392786E+01 2.511541E+01 2.643237E+01 2.798821E+01 2.961143E+01 3.099813E+01 3.182992E+01 3.202749E+01 3.142255E+01 3.011113E+01 2.834739E+01 2.627008E+01 2.414842E+01 2.234063E+01 2.040408E+01 1.871525E+01 1.721942E+01 1.602040E+01 1.503927E+01 1.429879E+01 1.364707E+01 1.316729E+01 1.285223E+01 1.294053E+01 1.300955E+01 1.334939E+01 1.389722E+01 1.467880E+01 1.564858E+01 1.669818E+01 1.798283E+01 1.938216E+01 2.079321E+01 2.250904E+01 2.324258E+01 2.335047E+01 2.281508E+01 2.193265E+01 2.092952E+01 1.970766E+01 1.887741E+01 1.813654E+01 1.747653E+01 1.644274E+01 1.585314E+01 1.531394E+01 1.480872E+01 1.436844E+01 1.396696E+01 1.355618E+01 1.319904E+01 1.286348E+01 1.253648E+01 1.221429E+01 1.190229E+01 1.161247E+01 1.131693E+01 1.102246E+01 1.067045E+01 1.022171E+01 9.736023E+00 9.264502E+00 8.869644E+00 8.580343E+00 8.382283E+00 8.300142E+00 8.221642E+00 8.166620E+00 8.122448E+00 8.078134E+00 8.029448E+00 7.981562E+00
1.423348E+01 1.467050E+01 1.512344E+01 1.551741E+01 1.578693E+01 1.586194E+01 1.578024E+01 1.560134E+01 1.538954E+01 1.513552E+01 1.500114E+01 1.493461E+01 1.495379E+01 1.507798E+01 1.532489E+01 1.570394E+01 1.620694E+01 1.681263E+01 1.745940E+01 1.805862E+01 1.851989E+01 1.870996E+01 1.889703E+01 1.907013E+01 1.931080E+01 1.961289E+01 1.998929E+01 2.037843E+01 2.093731E+01 2.142533E+01 2.229203E+01 2.319314E+01 2.387366E+01 2.454637E+01 2.491168E+01 2.481051E+01 2.439801E+01 2.362275E+01 2.258602E+01 2.165589E+01 2.041102E+01 1.906609E+01 1.806577E+01 1.683797E+01 1.586467E+01 1.501097E+01 1.446576E+01 1.399695E+01 1.368285E+01 1.350442E+01 1.348814E+01 1.366366E+01 1.428683E+01 1.477128E+01 1.538948E+01 1.608994E+01 1.678692E+01 1.770036E+01 1.865701E+01 1.955319E+01 2.023604E+01 2.061478E+01 2.101494E+01 2.062680E+01 2.001851E+01 1.929597E+01 1.825841E+01 1.760850E+01 1.702400E+01 1.652231E+01 1.602191E+01 1.550930E+01 1.464686E+01 1.424600E+01 1.389460E+01 1.356738E+01 1.321421E+01 1.293339E+01 1.266393E+01 1.240256E+01 1.214759E+01 1.189926E+01 1.165532E+01 1.140342E+01 1.109762E+01 1.076124E+01 1.033143E+01 9.863747E+00 9.429275E+00 9.084894E+00 8.832042E+00 8.642339E+00 8.566237E+00 8.474694E+00 8.411234E+00 8.365461E+00 8.322031E+00 8.268563E+00 8.202581E+00 8.131222E+00
1.403083E+01 1.444031E+01 1.485359E+01 1.519769E+01 1.541222E+01 1.548093E+01 1.543111E+01 1.532486E+01 1.521087E+01 1.512192E+01 1.503340E+01 1.505906E+01 1.515900E+01 1.535264E+01 1.565247E+01 1.605311E+01 1.651437E+01 1.694116E+01 1.723900E+01 1.735279E+01 1.731293E+01 1.721189E+01 1.707421E+01 1.711447E+01 1.726044E+01 1.737952E+01 1.751261E+01 1.775686E+01 1.814439E+01 1.856157E+01 1.895676E+01 1.938563E+01 1.972855E+01 2.007650E+01 2.023063E+01 2.008290E+01 1.979892E+01 1.934384E+01 1.880950E+01 1.846071E+01 1.766306E+01 1.686251E+01 1.611651E+01 1.533863E+01 1.477607E+01 1.426933E+01 1.405531E+01 1.386157E+01 1.381558E+01 1.389171E+01 1.407255E+01 1.451371E+01 1.508665E+01 1.554257E+01 1.602961E+01 1.653881E+01 1.700393E+01 1.763471E+01 1.817532E+01 1.855463E+01 1.868899E+01 1.866179E+01 1.862441E+01 1.815422E+01 1.762365E+01 1.707856E+01 1.622538E+01 1.578966E+01 1.540528E+01 1.506816E+01 1.470168E+01 1.426612E+01 1.365379E+01 1.340231E+01 1.317001E+01 1.294547E+01 1.268778E+01 1.249448E+01 1.230685E+01 1.212257E+01 1.193702E+01 1.174085E+01 1.151853E+01 1.122527E+01 1.090318E+01 1.049521E+01 1.005014E+01 9.652537E+00 9.340898E+00 9.096994E+00 8.891785E+00 8.792691E+00 8.666134E+00 8.572112E+00 8.506034E+00 8.453748E+00 8.399588E+00 8.335331E+00 8.262001E+00 8.186100E+00
1.402316E+01 1.433652E+01 1.469971E+01 1.498356E+01 1.515140E+01 1.520889E+01 1.519082E+01 1.514618E+01 1.510567E+01 1.508621E+01 1.507897E+01 1.512261E+01 1.524268E+01 1.542846E+01 1.566689E+01 1.590467E+01 1.605590E+01 1.604866E+01 1.587661E+01 1.561603E+01 1.535777E+01 1.517250E+01 1.510225E+01 1.515422E+01 1.517145E+01 1.511456E+01 1.520772E+01 1.541016E+01 1.572889E+01 1.610916E+01 1.636856E+01 1.629234E+01 1.658149E+01 1.677151E+01 1.689955E+01 1.686386E+01 1.661880E+01 1.644583E+01 1.616380E+01 1.572475E+01 1.552039E+01 1.494491E+01 1.438153E+01 1.395209E+01 1.392301E+01 1.375394E+01 1.374780E+01 1.379911E+01 1.394974E+01 1.418852E+01 1.445563E+01 1.487238E+01 1.518866E+01 1.548140E+01 1.596181E+01 1.638079E+01 1.657140E+01 1.686562E+01 1.701089E+01 1.699319E+01 1.681349E+01 1.654723E+01 1.615505E+01 1.574357E+01 1.558447E+01 1.522588E+01 1.455581E+01 1.430443E+01 1.409989E+01 1.389004E+01 1.358510E+01 1.338701E+01 1.320750E+01 1.304422E+01 1.266038E+01 1.253006E+01 1.235788E+01 1.224628E+01 1.213455E+01 1.201347E+01 1.186705E+01 1.167382E+01 1.141606E+01 1.106913E+01 1.067771E+01 1.025739E+01 9.896903E+00 9.609942E+00 9.364904E+00 9.134274E+00 8.990839E+00 8.808616E+00 8.657552E+00 8.542009E+00 8.454538E+00 8.381748E+00 8.313337E+00 8.245637E+00 8.179231E+00 8.116048E+00
1.394164E+01 1.427612E+01 1.457494E+01 1.480686E+01 1.493413E+01 1.498859E+01 1.500142E+01 1.499832E+01 1.499584E+01 1.499232E+01 1.497893E+01 1.498123E+01 1.501008E+01 1.503517E+01 1.501982E+01 1.491896E+01 1.470993E+01 1.441371E+01 1.408386E+01 1.357217E+01 1.333066E+01 1.320312E+01 1.319845E+01 1.323272E+01 1.313848E+01 1.311460E+01 1.318130E+01 1.335264E+01 1.359747E+01 1.387148E+01 1.391286E+01 1.393585E+01 1.413638E+01 1.427900E+01 1.430925E+01 1.432758E+01 1.437813E+01 1.432763E+01 1.421989E+01 1.373489E+01 1.326392E+01 1.346761E+01 1.322557E+01 1.309170E+01 1.307132E+01 1.315359E+01 1.349965E+01 1.379206E+01 1.407167E+01 1.437841E+01 1.467685E+01 1.489705E+01 1.504908E+01 1.515564E+01 1.538057E+01 1.557147E+01 1.584922E+01 1.558944E+01 1.543042E+01 1.518449E+01 1.491644E+01 1.453034E+01 1.421514E+01 1.393834E+01 1.370969E+01 1.353141E+01 1.358090E+01 1.317755E+01 1.311004E+01 1.293464E+01 1.282895E+01 1.275929E+01 1.268731E+01 1.261965E+01 1.256000E+01 1.250882E+01 1.223368E+01 1.218067E+01 1.212717E+01 1.203192E+01 1.186165E+01 1.159642E+01 1.125082E+01 1.085752E+01 1.046661E+01 1.014623E+01 9.882473E+00 9.634812E+00 9.376252E+00 9.115435E+00 8.915861E+00 8.683564E+00 8.487139E+00 8.331107E+00 8.210784E+00 8.118417E+00 8.047554E+00 7.993115E+00 7.992253E+00 7.965317E+00
1.396221E+01 1.423249E+01 1.445806E+01 1.461901E+01 1.471774E+01 1.477138E+01 1.481286E+01 1.481867E+01 1.479174E+01 1.472114E+01 1.459433E+01 1.443471E+01 1.422280E+01 1.395500E+01 1.361172E+01 1.320870E+01 1.278270E+01 1.237855E+01 1.203717E+01 1.163379E+01 1.148047E+01 1.142996E+01 1.147261E+01 1.129457E+01 1.126467E+01 1.130786E+01 1.140325E+01 1.152187E+01 1.169881E+01 1.189157E+01 1.193590E+01 1.196539E+01 1.212599E+01 1.226030E+01 1.233963E+01 1.247572E+01 1.259180E+01 1.272944E+01 1.243916E+01 1.216783E+01 1.197715E+01 1.237090E+01 1.240737E+01 1.253474E+01 1.274654E+01 1.304126E+01 1.336268E+01 1.392274E+01 1.425046E+01 1.451763E+01 1.468726E+01 1.465180E+01 1.455391E+01 1.464315E+01 1.462027E+01 1.446577E+01 1.423509E+01 1.393187E+01 1.362120E+01 1.331811E+01 1.306776E+01 1.278556E+01 1.262549E+01 1.252032E+01 1.246679E+01 1.245218E+01 1.248391E+01 1.239449E+01 1.232219E+01 1.230769E+01 1.232408E+01 1.234173E+01 1.234428E+01 1.235295E+01 1.237247E+01 1.240638E+01 1.244341E+01 1.227536E+01 1.223388E+01 1.207313E+01 1.177134E+01 1.137805E+01 1.096099E+01 1.061040E+01 1.033681E+01 1.010541E+01 9.867670E+00 9.595428E+00 9.286148E+00 9.018519E+00 8.671495E+00 8.367275E+00 8.108169E+00 7.904786E+00 7.758812E+00 7.665069E+00 7.635305E+00 7.620037E+00 7.623048E+00 7.635404E+00
1.392987E+01 1.413879E+01 1.430588E+01 1.442819E+01 1.451204E+01 1.456312E+01 1.457420E+01 1.451747E+01 1.436750E+01 1.408545E+01 1.370634E+01 1.326567E+01 1.276927E+01 1.223701E+01 1.169400E+01 1.118083E+01 1.073678E+01 1.040229E+01 1.015801E+01 1.000881E+01 9.851618E+00 9.826690E+00 9.740758E+00 9.684333E+00 9.720012E+00 9.769247E+00 9.842120E+00 9.938728E+00 1.003169E+01 1.015481E+01 1.020930E+01 1.026396E+01 1.039668E+01 1.054882E+01 1.065983E+01 1.085969E+01 1.105621E+01 1.106389E+01 1.100778E+01 1.102038E+01 1.111506E+01 1.166284E+01 1.197898E+01 1.236900E+01 1.281518E+01 1.329321E+01 1.374055E+01 1.411144E+01 1.449456E+01 1.453882E+01 1.440603E+01 1.407011E+01 1.385850E+01 1.357702E+01 1.322755E+01 1.283600E+01 1.245799E+01 1.211698E+01 1.181074E+01 1.161917E+01 1.152104E+01 1.143099E+01 1.144110E+01 1.149334E+01 1.158643E+01 1.170779E+01 1.184091E+01 1.190128E+01 1.186050E+01 1.193147E+01 1.200078E+01 1.206487E+01 1.213435E+01 1.222071E+01 1.232873E+01 1.245697E+01 1.257305E+01 1.260631E+01 1.229172E+01 1.190540E+01 1.144461E+01 1.100754E+01 1.068573E+01 1.045738E+01 1.026373E+01 1.004431E+01 9.776395E+00 9.438924E+00 9.042734E+00 8.663036E+00 8.227935E+00 7.841832E+00 7.518575E+00 7.281032E+00 7.127620E+00 7.059756E+00 7.056086E+00 7.089823E+00 7.140997E+00 7.196682E+00
1.377523E+01 1.395083E+01 1.409324E+01 1.420771E+01 1.429564E+01 1.433875E+01 1.426788E+01 1.396585E+01 1.344372E+01 1.282714E+01 1.218506E+01 1.152673E+01 1.086998E+01 1.023532E+01 9.661557E+00 9.191753E+00 8.862073E+00 8.665964E+00 8.563819E+00 8.522860E+00 8.508321E+00 8.482471E+00 8.431490E+00 8.433014E+00 8.450271E+00 8.512861E+00 8.556366E+00 8.594663E+00 8.651638E+00 8.682013E+00 8.752682E+00 8.832409E+00 8.884792E+00 8.983133E+00 9.121128E+00 9.295846E+00 9.483553E+00 9.646584E+00 9.908619E+00 1.028123E+01 1.070737E+01 1.119653E+01 1.203372E+01 1.269499E+01 1.337828E+01 1.402728E+01 1.448732E+01 1.463171E+01 1.438582E+01 1.397498E+01 1.344777E+01 1.291076E+01 1.235816E+01 1.185349E+01 1.137886E+01 1.095056E+01 1.061003E+01 1.034075E+01 1.027916E+01 1.034127E+01 1.041426E+01 1.049601E+01 1.061627E+01 1.079501E+01 1.100702E+01 1.121930E+01 1.139699E+01 1.141508E+01 1.150785E+01 1.164788E+01 1.176435E+01 1.189977E+01 1.203227E+01 1.221293E+01 1.243018E+01 1.267137E+01 1.281711E+01 1.252525E+01 1.200224E+01 1.140270E+01 1.097921E+01 1.067743E+01 1.048459E+01 1.031733E+01 1.014422E+01 9.905719E+00 9.569820E+00 9.133132E+00 8.658347E+00 8.150886E+00 7.661319E+00 7.221496E+00 6.840523E+00 6.540921E+00 6.363149E+00 6.325591E+00 6.380542E+00 6.474211E+00 6.577879E+00 6.679452E+00
1.338539E+01 1.355848E+01 1.370869E+01 1.384722E+01 1.398369E+01 1.412481E+01 1.327631E+01 1.247989E+01 1.172334E+01 1.099812E+01 1.030197E+01 9.640153E+00 9.013680E+00 8.430789E+00 7.893138E+00 7.395110E+00 7.431517E+00 7.459549E+00 7.483573E+00 7.504098E+00 7.511667E+00 7.520880E+00 7.530166E+00 7.540512E+00 7.550774E+00 7.558801E+00 7.587071E+00 7.615339E+00 7.642920E+00 7.666340E+00 7.689434E+00 7.716321E+00 7.726391E+00 7.731145E+00 7.730150E+00 7.722427E+00 8.261765E+00 8.828322E+00 9.426204E+00 1.006134E+01 1.075205E+01 1.148183E+01 1.234841E+01 1.323924E+01 1.422028E+01 1.530804E+01 1.441515E+01 1.360351E+01 1.286569E+01 1.218842E+01 1.157046E+01 1.097553E+01 1.043690E+01 9.955237E+00 9.522918E+00 9.139555E+00 9.206549E+00 9.272971E+00 9.349409E+00 9.444584E+00 9.632060E+00 9.806684E+00 1.003340E+01 1.031350E+01 1.061856E+01 1.094692E+01 1.104852E+01 1.114150E+01 1.123868E+01 1.135041E+01 1.157092E+01 1.177336E+01 1.200634E+01 1.229020E+01 1.263685E+01 1.305909E+01 1.240247E+01 1.181723E+01 1.131369E+01 1.090788E+01 1.057391E+01 1.037952E+01 1.024942E+01 1.009898E+01 9.909206E+00 9.687814E+00 9.125244E+00 8.607433E+00 8.136558E+00 7.699240E+00 7.297096E+00 6.923260E+00 6.566594E+00 6.216970E+00 5.869751E+00 5.525721E+00 5.690779E+00 5.852336E+00 6.004720E+00 6.146175E+00
1.257607E+01 1.267485E+01 1.269894E+01 1.259393E+01 1.227647E+01 1.174948E+01 1.111980E+01 1.046918E+01 9.839249E+00 9.256193E+00 8.740420E+00 8.306273E+00 7.949793E+00 7.682733E+00 7.479820E+00 7.323993E+00 7.201324E+00 7.113996E+00 7.055679E+00 7.021418E+00 6.999435E+00 6.986687E+00 6.940311E+00 6.931295E+00 6.928681E+00 6.943487E+00 6.972116E+00 6.986457E+00 7.006866E+00 7.038236E+00 7.072787E+00 7.119493E+00 7.194640E+00 7.297430E+00 7.474098E+00 7.779892E+00 8.193278E+00 8.691683E+00 9.251043E+00 9.959499E+00 1.058418E+01 1.120406E+01 1.179459E+01 1.222681E+01 1.234668E+01 1.202010E+01 1.159325E+01 1.110529E+01 1.060540E+01 1.006400E+01 9.592499E+00 9.159265E+00 8.778603E+00 8.489899E+00 8.320966E+00 8.279736E+00 8.303044E+00 8.376472E+00 8.495299E+00 8.750549E+00 8.944534E+00 9.199938E+00 9.529139E+00 9.812463E+00 1.004667E+01 1.023480E+01 1.041083E+01 1.060193E+01 1.081523E+01 1.111306E+01 1.131473E+01 1.159078E+01 1.190614E+01 1.216555E+01 1.222273E+01 1.188166E+01 1.144953E+01 1.103405E+01 1.068295E+01 1.040312E+01 1.021677E+01 1.002029E+01 9.786331E+00 9.442619E+00 9.008488E+00 8.583954E+00 8.213440E+00 7.918364E+00 7.678239E+00 7.451782E+00 7.206743E+00 6.936742E+00 6.651625E+00 6.363039E+00 6.083238E+00 5.832546E+00 5.650518E+00 5.589846E+00 5.640835E+00 5.744549E+00
1.136043E+01 1.128388E+01 1.109248E+01 1.077679E+01 1.035386E+01 9.864645E+00 9.356988E+00 8.873249E+00 8.445982E+00 8.095013E+00 7.824958E+00 7.626209E+00 7.479829E+00 7.351550E+00 7.246999E+00 7.138550E+00 7.025134E+00 6.918629E+00 6.838873E+00 6.770037E+00 6.658438E+00 6.599177E+00 6.551827E+00 6.518090E+00 6.509726E+00 6.503731E+00 6.515676E+00 6.543892E+00 6.556509E+00 6.593223E+00 6.657838E+00 6.732988E+00 6.841613E+00 7.006864E+00 7.262576E+00 7.568937E+00 7.940819E+00 8.335171E+00 8.753627E+00 9.163862E+00 9.706063E+00 9.997051E+00 1.016356E+01 1.019780E+01 9.916013E+00 9.683218E+00 9.377743E+00 9.055849E+00 8.725786E+00 8.392749E+00 8.042041E+00 7.791678E+00 7.600498E+00 7.471161E+00 7.431375E+00 7.446263E+00 7.516983E+00 7.645732E+00 7.827372E+00 8.059119E+00 8.377670E+00 8.648295E+00 8.918144E+00 9.245319E+00 9.500743E+00 9.750997E+00 1.001104E+01 1.027650E+01 1.054602E+01 1.081735E+01 1.104920E+01 1.126129E+01 1.140606E+01 1.146900E+01 1.126388E+01 1.095660E+01 1.064910E+01 1.035378E+01 1.010936E+01 9.890065E+00 9.632696E+00 9.305294E+00 8.872847E+00 8.432020E+00 8.037497E+00 7.732016E+00 7.520121E+00 7.382194E+00 7.282816E+00 7.172609E+00 7.022607E+00 6.831367E+00 6.615548E+00 6.392794E+00 6.176808E+00 5.978807E+00 5.811733E+00 5.690187E+00 5.625863E+00 5.620002E+00
1.007713E+01 9.916341E+00 9.665039E+00 9.248184E+00 8.861129E+00 8.467979E+00 8.101694E+00 7.786795E+00 7.535704E+00 7.349028E+00 7.218602E+00 7.130693E+00 7.068112E+00 7.001353E+00 6.934186E+00 6.851411E+00 6.755664E+00 6.661829E+00 6.575127E+00 6.512672E+00 6.363800E+00 6.288344E+00 6.224823E+00 6.174819E+00 6.155130E+00 6.139698E+00 6.145641E+00 6.150339E+00 6.169440E+00 6.203254E+00 6.267057E+00 6.338520E+00 6.466827E+00 6.645118E+00 6.886284E+00 7.140793E+00 7.424553E+00 7.690560E+00 7.941563E+00 8.158890E+00 8.506304E+00 8.573716E+00 8.556721E+00 8.452582E+00 8.145106E+00 7.944897E+00 7.719277E+00 7.496545E+00 7.269274E+00 7.056041E+00 6.845492E+00 6.716461E+00 6.638841E+00 6.603563E+00 6.632399E+00 6.714274E+00 6.853104E+00 7.053462E+00 7.303493E+00 7.592750E+00 7.898648E+00 8.179518E+00 8.460604E+00 8.745687E+00 9.155831E+00 9.449982E+00 9.742345E+00 1.002172E+01 1.028239E+01 1.051172E+01 1.061780E+01 1.071117E+01 1.070086E+01 1.058651E+01 1.045346E+01 1.021005E+01 9.979781E+00 9.748799E+00 9.505220E+00 9.192438E+00 8.783562E+00 8.361958E+00 7.937905E+00 7.568832E+00 7.280603E+00 7.070504E+00 6.932637E+00 6.852816E+00 6.800228E+00 6.728124E+00 6.626706E+00 6.503124E+00 6.366241E+00 6.223444E+00 6.080888E+00 5.945252E+00 5.823573E+00 5.722868E+00 5.649458E+00 5.685043E+00
8.923274E+00 8.712070E+00 8.447696E+00 8.151813E+00 7.849819E+00 7.565447E+00 7.316248E+00 7.006181E+00 6.857725E+00 6.756611E+00 6.694453E+00 6.659427E+00 6.636810E+00 6.597328E+00 6.553606E+00 6.488395E+00 6.411966E+00 6.333297E+00 6.252022E+00 6.215223E+00 6.043328E+00 5.968123E+00 5.902483E+00 5.848240E+00 5.829643E+00 5.775487E+00 5.767869E+00 5.782937E+00 5.791280E+00 5.816423E+00 5.875027E+00 5.940513E+00 6.065211E+00 6.216261E+00 6.431677E+00 6.589965E+00 6.759673E+00 6.915049E+00 7.032213E+00 7.110259E+00 7.304138E+00 7.259464E+00 7.155930E+00 7.018678E+00 6.714021E+00 6.580193E+00 6.419679E+00 6.256139E+00 6.112886E+00 5.982818E+00 5.879671E+00 5.833255E+00 5.833150E+00 5.871309E+00 5.978771E+00 6.136083E+00 6.361120E+00 6.645578E+00 6.969845E+00 7.305231E+00 7.591288E+00 7.893883E+00 8.199961E+00 8.507949E+00 8.820400E+00 9.243182E+00 9.513433E+00 9.754580E+00 9.951298E+00 1.009129E+01 1.007224E+01 1.007661E+01 1.000736E+01 9.884927E+00 9.712980E+00 9.579620E+00 9.362289E+00 9.105925E+00 8.764925E+00 8.343084E+00 7.886473E+00 7.508066E+00 7.157614E+00 6.866870E+00 6.613939E+00 6.417098E+00 6.288987E+00 6.221131E+00 6.167627E+00 6.107255E+00 6.044727E+00 5.986051E+00 5.927174E+00 5.863912E+00 5.796586E+00 5.829762E+00 5.761850E+00 5.702315E+00 5.655483E+00 5.624987E+00
7.980015E+00 7.706367E+00 7.458510E+00 7.204697E+00 6.962931E+00 6.747165E+00 6.566099E+00 6.423597E+00 6.319725E+00 6.251552E+00 6.213490E+00 6.180147E+00 6.179817E+00 6.170219E+00 6.139658E+00 6.070221E+00 6.017225E+00 5.955492E+00 5.890854E+00 5.824213E+00 5.792605E+00 5.654795E+00 5.595257E+00 5.543275E+00 5.499491E+00 5.481191E+00 5.435313E+00 5.423877E+00 5.421082E+00 5.439161E+00 5.532985E+00 5.554294E+00 5.652491E+00 5.758294E+00 5.861662E+00 5.954188E+00 6.029904E+00 6.081061E+00 6.131745E+00 6.112417E+00 6.141415E+00 6.071665E+00 5.941663E+00 5.804976E+00 5.672534E+00 5.462443E+00 5.351657E+00 5.255207E+00 5.178555E+00 5.127995E+00 5.107514E+00 5.129771E+00 5.196340E+00 5.312703E+00 5.500373E+00 5.771015E+00 6.102279E+00 6.476398E+00 6.854323E+00 7.202378E+00 7.469428E+00 7.779360E+00 8.087633E+00 8.388094E+00 8.676355E+00 9.054693E+00 9.268464E+00 9.437705E+00 9.552649E+00 9.606544E+00 9.513288E+00 9.493831E+00 9.422960E+00 9.317698E+00 9.161294E+00 8.992149E+00 8.725497E+00 8.381196E+00 7.973637E+00 7.547348E+00 7.169363E+00 6.821601E+00 6.486058E+00 6.167946E+00 5.886563E+00 5.660746E+00 5.568300E+00 5.485415E+00 5.423931E+00 5.380370E+00 5.354414E+00 5.447577E+00 5.452549E+00 5.455081E+00 5.452874E+00 5.447054E+00 5.440020E+00 5.434421E+00 5.432799E+00 5.437479E+00
7.097190E+00 6.877366E+00 6.649821E+00 6.428995E+00 6.212467E+00 6.039792E+00 5.899808E+00 5.791079E+00 5.719729E+00 5.679873E+00 5.666793E+00 5.673034E+00 5.686182E+00 5.689905E+00 5.683710E+00 5.655043E+00 5.619938E+00 5.582573E+00 5.533018E+00 5.437595E+00 5.441270E+00 5.391303E+00 5.342671E+00 5.296291E+00 5.209560E+00 5.169282E+00 5.152746E+00 5.130691E+00 5.119062E+00 5.130090E+00 5.152516E+00 5.196397E+00 5.251493E+00 5.300350E+00 5.337434E+00 5.339108E+00 5.362992E+00 5.307489E+00 5.266910E+00 5.181796E+00 5.072884E+00 5.018761E+00 4.894321E+00 4.783287E+00 4.691167E+00 4.616157E+00 4.468808E+00 4.457602E+00 4.437918E+00 4.445520E+00 4.486764E+00 4.585814E+00 4.738421E+00 4.968230E+00 5.285224E+00 5.676325E+00 6.110207E+00 6.535734E+00 6.900163E+00 7.215607E+00 7.522997E+00 7.765956E+00 8.059294E+00 8.332871E+00 8.579646E+00 8.787686E+00 8.965548E+00 9.086792E+00 9.125192E+00 9.116503E+00 9.088108E+00 8.999043E+00 8.941665E+00 8.822223E+00 8.620081E+00 8.322919E+00 8.008301E+00 7.673646E+00 7.283121E+00 6.909965E+00 6.553914E+00 6.162293E+00 5.806336E+00 5.453381E+00 5.150611E+00 4.941151E+00 4.816299E+00 4.815693E+00 4.752724E+00 4.717408E+00 4.718322E+00 4.746996E+00 4.790590E+00 4.840201E+00 4.886913E+00 4.936782E+00 4.985922E+00 5.005617E+00 5.050190E+00 5.095358E+00
6.353621E+00 6.140240E+00 5.929245E+00 5.731425E+00 5.555592E+00 5.395642E+00 5.281877E+00 5.200928E+00 5.151456E+00 5.130449E+00 5.133737E+00 5.154212E+00 5.178392E+00 5.208124E+00 5.213962E+00 5.216800E+00 5.216726E+00 5.216564E+00 5.212395E+00 5.207345E+00 5.191721E+00 5.169824E+00 5.142411E+00 5.109215E+00 5.041629E+00 4.989635E+00 4.943411E+00 4.918358E+00 4.895689E+00 4.888161E+00 4.885986E+00 4.873974E+00 4.867162E+00 4.843725E+00 4.800001E+00 4.734304E+00 4.653362E+00 4.546385E+00 4.433074E+00 4.314462E+00 4.192990E+00 4.122486E+00 4.035650E+00 3.971392E+00 3.925226E+00 3.895067E+00 3.877173E+00 3.842507E+00 3.868211E+00 3.931628E+00 4.050981E+00 4.258778E+00 4.545485E+00 4.924423E+00 5.388054E+00 5.874571E+00 6.326062E+00 6.682596E+00 6.986380E+00 7.279460E+00 7.583325E+00 7.828357E+00 8.090703E+00 8.319066E+00 8.499432E+00 8.623323E+00 8.682752E+00 8.699286E+00 8.682679E+00 8.661879E+00 8.669037E+00 8.628944E+00 8.547750E+00 8.356365E+00 8.071302E+00 7.723185E+00 7.352276E+00 7.084693E+00 6.731451E+00 6.368217E+00 5.975535E+00 5.559685E+00 5.111402E+00 4.736915E+00 4.471081E+00 4.315911E+00 4.238064E+00 4.174082E+00 4.145553E+00 4.078800E+00 4.049577E+00 4.061632E+00 4.107349E+00 4.176457E+00 4.260273E+00 4.352563E+00 4.423227E+00 4.516006E+00 4.608161E+00 4.698697E+00
5.651828E+00 5.449296E+00 5.290787E+00 5.106109E+00 4.945966E+00 4.816428E+00 4.713213E+00 4.650805E+00 4.616195E+00 4.604108E+00 4.609465E+00 4.627339E+00 4.651793E+00 4.691621E+00 4.726571E+00 4.768350E+00 4.817966E+00 4.866933E+00 4.923092E+00 4.968560E+00 5.021014E+00 5.052377E+00 5.069509E+00 5.073082E+00 5.018246E+00 4.968830E+00 4.912195E+00 4.854650E+00 4.813313E+00 4.747954E+00 4.680637E+00 4.580232E+00 4.480069E+00 4.360167E+00 4.226923E+00 4.085954E+00 3.936429E+00 3.790241E+00 3.662550E+00 3.556248E+00 3.475121E+00 3.444560E+00 3.411316E+00 3.388019E+00 3.370102E+00 3.360364E+00 3.362510E+00 3.390841E+00 3.457257E+00 3.622406E+00 3.885556E+00 4.257218E+00 4.707557E+00 5.218490E+00 5.748653E+00 6.217486E+00 6.546216E+00 6.807994E+00 7.118164E+00 7.435751E+00 7.741046E+00 7.964169E+00 8.170395E+00 8.319340E+00 8.400466E+00 8.411952E+00 8.357432E+00 8.271291E+00 8.305024E+00 8.361315E+00 8.421573E+00 8.354203E+00 8.174069E+00 7.896036E+00 7.565152E+00 7.224526E+00 6.896563E+00 6.571199E+00 6.274496E+00 5.860357E+00 5.395514E+00 4.932502E+00 4.505736E+00 4.182815E+00 4.003345E+00 3.933875E+00 3.897335E+00 3.818588E+00 3.741697E+00 3.628039E+00 3.535705E+00 3.481733E+00 3.478224E+00 3.526528E+00 3.616252E+00 3.718934E+00 3.845576E+00 3.978507E+00 4.112663E+00 4.244968E+00
5.107330E+00 4.906749E+00 4.715118E+00 4.539875E+00 4.403846E+00 4.287025E+00 4.214884E+00 4.176718E+00 4.163877E+00 4.160816E+00 4.159304E+00 4.157353E+00 4.161538E+00 4.184645E+00 4.225909E+00 4.302301E+00 4.401192E+00 4.517522E+00 4.648607E+00 4.784553E+00 4.916720E+00 5.042347E+00 5.168220E+00 5.248613E+00 5.281059E+00 5.230304E+00 5.148343E+00 5.026984E+00 4.869820E+00 4.691054E+00 4.477645E+00 4.264452E+00 4.030724E+00 3.811223E+00 3.601040E+00 3.400760E+00 3.233370E+00 3.112199E+00 3.055513E+00 3.042386E+00 3.037904E+00 3.020263E+00 3.025603E+00 3.002123E+00 2.973348E+00 2.948588E+00 2.958749E+00 3.087006E+00 3.349757E+00 3.691031E+00 4.127610E+00 4.626847E+00 5.182149E+00 5.737188E+00 6.211722E+00 6.477797E+00 6.670937E+00 7.047852E+00 7.433430E+00 7.750308E+00 7.991644E+00 8.148499E+00 8.257551E+00 8.292212E+00 8.245124E+00 8.116713E+00 7.967370E+00 8.026861E+00 8.167272E+00 8.282080E+00 8.272096E+00 8.072186E+00 7.799255E+00 7.483158E+00 7.175868E+00 6.888986E+00 6.599591E+00 6.283475E+00 5.869582E+00 5.417181E+00 4.938957E+00 4.500073E+00 4.140054E+00 3.873613E+00 3.712834E+00 3.663576E+00 3.629404E+00 3.559739E+00 3.486440E+00 3.375012E+00 3.256866E+00 3.140172E+00 3.038306E+00 2.980457E+00 3.006262E+00 3.117119E+00 3.270150E+00 3.437976E+00 3.609947E+00 3.779077E+00
4.713932E+00 4.526021E+00 4.345346E+00 4.173026E+00 4.008439E+00 3.849258E+00 3.877562E+00 3.904613E+00 3.931092E+00 3.950002E+00 3.945096E+00 3.930744E+00 3.909044E+00 3.885141E+00 3.848663E+00 3.807107E+00 4.012172E+00 4.218328E+00 4.425617E+00 4.635361E+00 4.851062E+00 5.066305E+00 5.284897E+00 5.506195E+00 5.730730E+00 5.959110E+00 5.558043E+00 5.179282E+00 4.822403E+00 4.485817E+00 4.166037E+00 3.858629E+00 3.566423E+00 3.287701E+00 3.016026E+00 2.750535E+00 2.794839E+00 2.834224E+00 2.869949E+00 2.893324E+00 2.886061E+00 2.856078E+00 2.828736E+00 2.771270E+00 2.692195E+00 2.587603E+00 2.930888E+00 3.313257E+00 3.733707E+00 4.209794E+00 4.707492E+00 5.272972E+00 5.838715E+00 6.328076E+00 6.558133E+00 6.552673E+00 7.169891E+00 7.608491E+00 7.924581E+00 8.175398E+00 8.267395E+00 8.333906E+00 8.320047E+00 8.219298E+00 8.024941E+00 7.710262E+00 7.939464E+00 8.129043E+00 8.257217E+00 8.258139E+00 8.064999E+00 7.778656E+00 7.473903E+00 7.186992E+00 6.944605E+00 6.749433E+00 6.342360E+00 5.938376E+00 5.550881E+00 5.188340E+00 4.854276E+00 4.551360E+00 4.277657E+00 4.014032E+00 3.708538E+00 3.355349E+00 3.391152E+00 3.379585E+00 3.332482E+00 3.262500E+00 3.172976E+00 3.078907E+00 2.963395E+00 2.836780E+00 2.700578E+00 2.556454E+00 2.761854E+00 2.964784E+00 3.163960E+00 3.358169E+00
4.587268E+00 4.460876E+00 4.352818E+00 4.263033E+00 4.193878E+00 4.134099E+00 4.087093E+00 4.058869E+00 4.040057E+00 4.030253E+00 4.025025E+00 4.022394E+00 4.020433E+00 4.028426E+00 4.051049E+00 4.099708E+00 4.199794E+00 4.323663E+00 4.475930E+00 4.630969E+00 4.798681E+00 4.967086E+00 5.144262E+00 5.254569E+00 5.296630E+00 5.200472E+00 5.038842E+00 4.780360E+00 4.488866E+00 4.187316E+00 3.912139E+00 3.639628E+00 3.393536E+00 3.192690E+00 3.053767E+00 2.987365E+00 2.962652E+00 2.963872E+00 2.973087E+00 2.972925E+00 2.955670E+00 2.933295E+00 2.918282E+00 2.941522E+00 3.049798E+00 3.283966E+00 3.618825E+00 4.014913E+00 4.466700E+00 4.959266E+00 5.531918E+00 6.099487E+00 6.628045E+00 6.946861E+00 7.107274E+00 7.594231E+00 8.000995E+00 8.287939E+00 8.491518E+00 8.598080E+00 8.610104E+00 8.553812E+00 8.426545E+00 8.257077E+00 8.152359E+00 8.201535E+00 8.282159E+00 8.329611E+00 8.299397E+00 8.138088E+00 7.861474E+00 7.537693E+00 7.214548E+00 6.904980E+00 6.559265E+00 6.217882E+00 5.885203E+00 5.629017E+00 5.456745E+00 5.330060E+00 5.187703E+00 4.982524E+00 4.743811E+00 4.486948E+00 4.145418E+00 3.832352E+00 3.588799E+00 3.444492E+00 3.362123E+00 3.301406E+00 3.237460E+00 3.165133E+00 3.084015E+00 2.996105E+00 2.916740E+00 2.837867E+00 2.797630E+00 2.827104E+00 2.942853E+00 3.099882E+00
4.723568E+00 4.658570E+00 4.614808E+00 4.570915E+00 4.532608E+00 4.496384E+00 4.476115E+00 4.431284E+00 4.370593E+00 4.332557E+00 4.311955E+00 4.305210E+00 4.310788E+00 4.322352E+00 4.354912E+00 4.403482E+00 4.469160E+00 4.554989E+00 4.648533E+00 4.746120E+00 4.887952E+00 4.973904E+00 5.037457E+00 5.079788E+00 4.996609E+00 4.892744E+00 4.752765E+00 4.554846E+00 4.332010E+00 4.106562E+00 3.911399E+00 3.717243E+00 3.538638E+00 3.416716E+00 3.335742E+00 3.278348E+00 3.248273E+00 3.239744E+00 3.244758E+00 3.259226E+00 3.307082E+00 3.362173E+00 3.458270E+00 3.604764E+00 3.807967E+00 4.089430E+00 4.448267E+00 4.868059E+00 5.345831E+00 5.882481E+00 6.502144E+00 7.095471E+00 7.600829E+00 7.775927E+00 8.207869E+00 8.572024E+00 8.806945E+00 8.953230E+00 9.012462E+00 9.006598E+00 8.997049E+00 8.878545E+00 8.764928E+00 8.644415E+00 8.610294E+00 8.593183E+00 8.561399E+00 8.490596E+00 8.263897E+00 7.981009E+00 7.666252E+00 7.311205E+00 6.942354E+00 6.525227E+00 6.202079E+00 5.912228E+00 5.716246E+00 5.644072E+00 5.635715E+00 5.647379E+00 5.592316E+00 5.434904E+00 5.238418E+00 4.904560E+00 4.597563E+00 4.317910E+00 4.071252E+00 3.863486E+00 3.688891E+00 3.561370E+00 3.461929E+00 3.378604E+00 3.302893E+00 3.230695E+00 3.161882E+00 3.121397E+00 3.075942E+00 3.057405E+00 3.078007E+00 3.121747E+00
5.009279E+00 4.979514E+00 4.956453E+00 4.937130E+00 4.918507E+00 4.926551E+00 4.887308E+00 4.813647E+00 4.750396E+00 4.705762E+00 4.677975E+00 4.665084E+00 4.665631E+00 4.667072E+00 4.692509E+00 4.728974E+00 4.775238E+00 4.829135E+00 4.888229E+00 4.935330E+00 5.048643E+00 5.086968E+00 5.095234E+00 5.066258E+00 4.966462E+00 4.853373E+00 4.734429E+00 4.572398E+00 4.425870E+00 4.260368E+00 4.071816E+00 3.944780E+00 3.848883E+00 3.757566E+00 3.718937E+00 3.678300E+00 3.663345E+00 3.690834E+00 3.744095E+00 3.817770E+00 3.937176E+00 4.066700E+00 4.236435E+00 4.457039E+00 4.682331E+00 5.004616E+00 5.391692E+00 5.856389E+00 6.389554E+00 6.987588E+00 7.674116E+00 8.241335E+00 8.600967E+00 8.985183E+00 9.288336E+00 9.492225E+00 9.589125E+00 9.619174E+00 9.583963E+00 9.508769E+00 9.470515E+00 9.351640E+00 9.250842E+00 9.154175E+00 8.988394E+00 8.873266E+00 8.726014E+00 8.485923E+00 8.184862E+00 7.849763E+00 7.479187E+00 7.077675E+00 6.674608E+00 6.325875E+00 6.069441E+00 5.914115E+00 5.845055E+00 5.864124E+00 5.925319E+00 5.963784E+00 5.924401E+00 5.785547E+00 5.539914E+00 5.282694E+00 5.028547E+00 4.785169E+00 4.557067E+00 4.347638E+00 4.147373E+00 3.981692E+00 3.840387E+00 3.721677E+00 3.621875E+00 3.536824E+00 3.463463E+00 3.400796E+00 3.383467E+00 3.351128E+00 3.340194E+00 3.355783E+00
5.346231E+00 5.336313E+00 5.328710E+00 5.361429E+00 5.344033E+00 5.310336E+00 5.243656E+00 5.177398E+00 5.120963E+00 5.079320E+00 5.051655E+00 5.036783E+00 5.033540E+00 5.024605E+00 5.041957E+00 5.067106E+00 5.098329E+00 5.133424E+00 5.157847E+00 5.155847E+00 5.278871E+00 5.280058E+00 5.254973E+00 5.204840E+00 5.076293E+00 4.987457E+00 4.886215E+00 4.787896E+00 4.663273E+00 4.545435E+00 4.416185E+00 4.337317E+00 4.284031E+00 4.226297E+00 4.206568E+00 4.227073E+00 4.272004E+00 4.349079E+00 4.456844E+00 4.582849E+00 4.750523E+00 4.929050E+00 5.154776E+00 5.412465E+00 5.685837E+00 6.032969E+00 6.481927E+00 7.016691E+00 7.647755E+00 8.328831E+00 9.036268E+00 9.515921E+00 9.910239E+00 1.019182E+01 1.035689E+01 1.037962E+01 1.036978E+01 1.030412E+01 1.020160E+01 1.007663E+01 1.001611E+01 9.861516E+00 9.705081E+00 9.528922E+00 9.329777E+00 9.036950E+00 8.764396E+00 8.441490E+00 8.085975E+00 7.711636E+00 7.306012E+00 6.917605E+00 6.583408E+00 6.339605E+00 6.209169E+00 6.105159E+00 6.106805E+00 6.134154E+00 6.181735E+00 6.195483E+00 6.132115E+00 5.984828E+00 5.790950E+00 5.596189E+00 5.396897E+00 5.197854E+00 5.002349E+00 4.801727E+00 4.618552E+00 4.446704E+00 4.288916E+00 4.147389E+00 4.023195E+00 3.916089E+00 3.824931E+00 3.754229E+00 3.691336E+00 3.691193E+00 3.666106E+00 3.660427E+00
5.712232E+00 5.755993E+00 5.744837E+00 5.726232E+00 5.691006E+00 5.630726E+00 5.563380E+00 5.504359E+00 5.457190E+00 5.422116E+00 5.398533E+00 5.366903E+00 5.364440E+00 5.370367E+00 5.383519E+00 5.385254E+00 5.413291E+00 5.439504E+00 5.465270E+00 5.487947E+00 5.444010E+00 5.509662E+00 5.474191E+00 5.423179E+00 5.359283E+00 5.256425E+00 5.173221E+00 5.090237E+00 5.012972E+00 4.944675E+00 4.870841E+00 4.870092E+00 4.844843E+00 4.836106E+00 4.850771E+00 4.954120E+00 5.047659E+00 5.165858E+00 5.314125E+00 5.480174E+00 5.676778E+00 5.894622E+00 6.158235E+00 6.473222E+00 6.853011E+00 7.230956E+00 7.786625E+00 8.442832E+00 9.179066E+00 9.916775E+00 1.054494E+01 1.097585E+01 1.123304E+01 1.135300E+01 1.137606E+01 1.123810E+01 1.112905E+01 1.098499E+01 1.081770E+01 1.063260E+01 1.043794E+01 1.029228E+01 1.004766E+01 9.773065E+00 9.472228E+00 9.089083E+00 8.741163E+00 8.370549E+00 7.995883E+00 7.644250E+00 7.298532E+00 6.922749E+00 6.688428E+00 6.525382E+00 6.424343E+00 6.370662E+00 6.345141E+00 6.347612E+00 6.350606E+00 6.316644E+00 6.226133E+00 6.101801E+00 5.970124E+00 5.830968E+00 5.686430E+00 5.536558E+00 5.377515E+00 5.220974E+00 5.063248E+00 4.906641E+00 4.749943E+00 4.613478E+00 4.477499E+00 4.356686E+00 4.248676E+00 4.156322E+00 4.079933E+00 4.019684E+00 3.975800E+00 3.948602E+00
6.081532E+00 6.064552E+00 6.040352E+00 6.000434E+00 5.975757E+00 5.907994E+00 5.846524E+00 5.764221E+00 5.726862E+00 5.699977E+00 5.683040E+00 5.675383E+00 5.676227E+00 5.684671E+00 5.687276E+00 5.707753E+00 5.731891E+00 5.757617E+00 5.781831E+00 5.858578E+00 5.774472E+00 5.759649E+00 5.735470E+00 5.704356E+00 5.674136E+00 5.637740E+00 5.532428E+00 5.529539E+00 5.504470E+00 5.484492E+00 5.478395E+00 5.530139E+00 5.552651E+00 5.590997E+00 5.652533E+00 5.752768E+00 5.868832E+00 6.063939E+00 6.239762E+00 6.437202E+00 6.674511E+00 6.939263E+00 7.271851E+00 7.678149E+00 8.171895E+00 8.765810E+00 9.393728E+00 1.018974E+01 1.102281E+01 1.171030E+01 1.215547E+01 1.243513E+01 1.248181E+01 1.241942E+01 1.228586E+01 1.211536E+01 1.184224E+01 1.160001E+01 1.136816E+01 1.111763E+01 1.085400E+01 1.059487E+01 1.024926E+01 9.882247E+00 9.510665E+00 9.138364E+00 8.749493E+00 8.326690E+00 7.994754E+00 7.717998E+00 7.486388E+00 7.097165E+00 6.922375E+00 6.789360E+00 6.705631E+00 6.626640E+00 6.556024E+00 6.505397E+00 6.454213E+00 6.375078E+00 6.279281E+00 6.194738E+00 6.096512E+00 5.996458E+00 5.898211E+00 5.797314E+00 5.691614E+00 5.589730E+00 5.468997E+00 5.341142E+00 5.209120E+00 5.074950E+00 4.942929E+00 4.817306E+00 4.696272E+00 4.592590E+00 4.503526E+00 4.450577E+00 4.395287E+00 4.355735E+00
6.423187E+00 6.389776E+00 6.339774E+00 6.273733E+00 6.201849E+00 6.126516E+00 6.068843E+00 6.021752E+00 5.985338E+00 5.959403E+00 5.943656E+00 5.937736E+00 5.941180E+00 5.942519E+00 5.962965E+00 5.990006E+00 6.021772E+00 6.055022E+00 6.085442E+00 6.074202E+00 6.086189E+00 6.094417E+00 6.101436E+00 6.109660E+00 6.119666E+00 6.127628E+00 6.149489E+00 6.164590E+00 6.189559E+00 6.222240E+00 6.255871E+00 6.354245E+00 6.400443E+00 6.457881E+00 6.532219E+00 6.622999E+00 6.774419E+00 6.986160E+00 7.192672E+00 7.446111E+00 7.746082E+00 8.099063E+00 8.558783E+00 9.117142E+00 9.778433E+00 1.054691E+01 1.143279E+01 1.232418E+01 1.313021E+01 1.357392E+01 1.370179E+01 1.367971E+01 1.348428E+01 1.324759E+01 1.299487E+01 1.272900E+01 1.247156E+01 1.211758E+01 1.182585E+01 1.149844E+01 1.114188E+01 1.073048E+01 1.029537E+01 9.874580E+00 9.475870E+00 9.099594E+00 8.750593E+00 8.374018E+00 8.115415E+00 7.912961E+00 7.741060E+00 7.401091E+00 7.259418E+00 7.131340E+00 7.004414E+00 6.897096E+00 6.787356E+00 6.685925E+00 6.578485E+00 6.459307E+00 6.345545E+00 6.271617E+00 6.183433E+00 6.109335E+00 6.045982E+00 5.982496E+00 5.924818E+00 5.862654E+00 5.801253E+00 5.718295E+00 5.622701E+00 5.515749E+00 5.400858E+00 5.283068E+00 5.167981E+00 5.060535E+00 4.975228E+00 4.894050E+00 4.826963E+00 4.774104E+00
6.750277E+00 6.694365E+00 6.629794E+00 6.546441E+00 6.465133E+00 6.391130E+00 6.320086E+00 6.264616E+00 6.218899E+00 6.183026E+00 6.157997E+00 6.144216E+00 6.142423E+00 6.145855E+00 6.169829E+00 6.205902E+00 6.251895E+00 6.304349E+00 6.373174E+00 6.442998E+00 6.438185E+00 6.503507E+00 6.576510E+00 6.647696E+00 6.743123E+00 6.828491E+00 6.916323E+00 7.000729E+00 7.071487E+00 7.122748E+00 7.155024E+00 7.239700E+00 7.263247E+00 7.297270E+00 7.354871E+00 7.438119E+00 7.592059E+00 7.811700E+00 8.126194E+00 8.489780E+00 8.942876E+00 9.470815E+00 1.012348E+01 1.088043E+01 1.175225E+01 1.276016E+01 1.389182E+01 1.488084E+01 1.522130E+01 1.512066E+01 1.483461E+01 1.449101E+01 1.409097E+01 1.375677E+01 1.346185E+01 1.317468E+01 1.290255E+01 1.259704E+01 1.214630E+01 1.169407E+01 1.122300E+01 1.067757E+01 1.021600E+01 9.800972E+00 9.425922E+00 9.093503E+00 8.802084E+00 8.557417E+00 8.308138E+00 8.159364E+00 8.035270E+00 7.781473E+00 7.663627E+00 7.538007E+00 7.401453E+00 7.268281E+00 7.128649E+00 6.983594E+00 6.822898E+00 6.655198E+00 6.493453E+00 6.379676E+00 6.259191E+00 6.176546E+00 6.126194E+00 6.099427E+00 6.084305E+00 6.070662E+00 6.059472E+00 6.029442E+00 5.985554E+00 5.925226E+00 5.846605E+00 5.751322E+00 5.646144E+00 5.547429E+00 5.449066E+00 5.360416E+00 5.283396E+00 5.218719E+00
7.112328E+00 7.034050E+00 6.942019E+00 6.848480E+00 6.764855E+00 6.683023E+00 6.607818E+00 6.534996E+00 6.471097E+00 6.412993E+00 6.361663E+00 6.318922E+00 6.287826E+00 6.269728E+00 6.278213E+00 6.303682E+00 6.375346E+00 6.480279E+00 6.609343E+00 6.770563E+00 6.929046E+00 7.115444E+00 7.243841E+00 7.437257E+00 7.630356E+00 7.816906E+00 7.965600E+00 8.088046E+00 8.103770E+00 8.043564E+00 7.995976E+00 7.950390E+00 7.971343E+00 7.972426E+00 8.009618E+00 8.096496E+00 8.271923E+00 8.665011E+00 9.137627E+00 9.721347E+00 1.040835E+01 1.118503E+01 1.202111E+01 1.301797E+01 1.419876E+01 1.558567E+01 1.687001E+01 1.702619E+01 1.644920E+01 1.578617E+01 1.523992E+01 1.482309E+01 1.431420E+01 1.399877E+01 1.374428E+01 1.351148E+01 1.323572E+01 1.276059E+01 1.218318E+01 1.158794E+01 1.105707E+01 1.060918E+01 1.008243E+01 9.722730E+00 9.408214E+00 9.131353E+00 8.890671E+00 8.672258E+00 8.551343E+00 8.469670E+00 8.398476E+00 8.323197E+00 8.195104E+00 8.103516E+00 7.987932E+00 7.835526E+00 7.664916E+00 7.472106E+00 7.269200E+00 7.096570E+00 6.874644E+00 6.650030E+00 6.437037E+00 6.259838E+00 6.160256E+00 6.144559E+00 6.170013E+00 6.205102E+00 6.240233E+00 6.260487E+00 6.268817E+00 6.264814E+00 6.246864E+00 6.208148E+00 6.138737E+00 6.042906E+00 5.941362E+00 5.845242E+00 5.730667E+00 5.649212E+00
7.516261E+00 7.424032E+00 7.323493E+00 7.224369E+00 7.131543E+00 7.046722E+00 6.969625E+00 6.892720E+00 6.816172E+00 6.740026E+00 6.659664E+00 6.583134E+00 6.508276E+00 6.433348E+00 6.358143E+00 6.282344E+00 6.522597E+00 6.772135E+00 7.031139E+00 7.299897E+00 7.570770E+00 7.861448E+00 8.150493E+00 8.473047E+00 8.819818E+00 9.194454E+00 9.044315E+00 8.908663E+00 8.787719E+00 8.680220E+00 8.579295E+00 8.512065E+00 8.485102E+00 8.470527E+00 8.484345E+00 8.529695E+00 9.108881E+00 9.746761E+00 1.048182E+01 1.126699E+01 1.212730E+01 1.308430E+01 1.416383E+01 1.548561E+01 1.715379E+01 1.928265E+01 1.800531E+01 1.699735E+01 1.621566E+01 1.560278E+01 1.503983E+01 1.468527E+01 1.436792E+01 1.405834E+01 1.391210E+01 1.381981E+01 1.301597E+01 1.233632E+01 1.174887E+01 1.123587E+01 1.072407E+01 1.035410E+01 9.966330E+00 9.681168E+00 9.422932E+00 9.170289E+00 9.083224E+00 9.033334E+00 9.007752E+00 8.987412E+00 8.972374E+00 8.954156E+00 8.910945E+00 8.850539E+00 8.767596E+00 8.662156E+00 8.433811E+00 8.205950E+00 7.974349E+00 7.755936E+00 7.513616E+00 7.258607E+00 6.995786E+00 6.720700E+00 6.431500E+00 6.127719E+00 6.228555E+00 6.315522E+00 6.395618E+00 6.453493E+00 6.504456E+00 6.529370E+00 6.548123E+00 6.559048E+00 6.565226E+00 6.569421E+00 6.442417E+00 6.326432E+00 6.221688E+00 6.128044E+00
7.968763E+00 7.871936E+00 7.771655E+00 7.674504E+00 7.587641E+00 7.502379E+00 7.422065E+00 7.330598E+00 7.264430E+00 7.199729E+00 7.140184E+00 7.088686E+00 7.047659E+00 7.035109E+00 7.063969E+00 7.153240E+00 7.318248E+00 7.529937E+00 7.779001E+00 8.039363E+00 8.321950E+00 8.600619E+00 8.887552E+00 9.117110E+00 9.268425E+00 9.372849E+00 9.359795E+00 9.315641E+00 9.260175E+00 9.105199E+00 9.071166E+00 9.078062E+00 9.123130E+00 9.265849E+00 9.551831E+00 9.984934E+00 1.057065E+01 1.124264E+01 1.201578E+01 1.277373E+01 1.371654E+01 1.475197E+01 1.592971E+01 1.709623E+01 1.767873E+01 1.728833E+01 1.658910E+01 1.593858E+01 1.539142E+01 1.495495E+01 1.461288E+01 1.429249E+01 1.395217E+01 1.364567E+01 1.322505E+01 1.268433E+01 1.213861E+01 1.164632E+01 1.119890E+01 1.081380E+01 1.048207E+01 1.017973E+01 9.867685E+00 9.681810E+00 9.574837E+00 9.588479E+00 9.590545E+00 9.627237E+00 9.684707E+00 9.802002E+00 9.831876E+00 9.825264E+00 9.790280E+00 9.711266E+00 9.602555E+00 9.472790E+00 9.285918E+00 9.092648E+00 8.874318E+00 8.656935E+00 8.413022E+00 8.154864E+00 7.895427E+00 7.623949E+00 7.345631E+00 7.071564E+00 6.840885E+00 6.717460E+00 6.712505E+00 6.741399E+00 6.777546E+00 6.808888E+00 6.832319E+00 6.847683E+00 6.852019E+00 6.848918E+00 6.827160E+00 6.768466E+00 6.687185E+00 6.598049E+00
8.466351E+00 8.370292E+00 8.281442E+00 8.189382E+00 8.103221E+00 8.017618E+00 7.889090E+00 7.840169E+00 7.796238E+00 7.759314E+00 7.732633E+00 7.720921E+00 7.730726E+00 7.756255E+00 7.832635E+00 7.950044E+00 8.107725E+00 8.299200E+00 8.537881E+00 8.764040E+00 8.971779E+00 9.172261E+00 9.337895E+00 9.501867E+00 9.661698E+00 9.704162E+00 9.729380E+00 9.745808E+00 9.760771E+00 9.786864E+00 9.700420E+00 9.834154E+00 1.004803E+01 1.033993E+01 1.068768E+01 1.117782E+01 1.176050E+01 1.239443E+01 1.308714E+01 1.384150E+01 1.453772E+01 1.530575E+01 1.591646E+01 1.620687E+01 1.607897E+01 1.569438E+01 1.524813E+01 1.482144E+01 1.443688E+01 1.409039E+01 1.380968E+01 1.348455E+01 1.311934E+01 1.261977E+01 1.221353E+01 1.180596E+01 1.143739E+01 1.109620E+01 1.077302E+01 1.049603E+01 1.033369E+01 1.017831E+01 1.009219E+01 9.943657E+00 1.009018E+01 1.016610E+01 1.028695E+01 1.042883E+01 1.059844E+01 1.077315E+01 1.098006E+01 1.102202E+01 1.101435E+01 1.092432E+01 1.078800E+01 1.061546E+01 1.042735E+01 1.018208E+01 1.000575E+01 9.774075E+00 9.527889E+00 9.265012E+00 8.996735E+00 8.719647E+00 8.431186E+00 8.140008E+00 7.861386E+00 7.617079E+00 7.449621E+00 7.335049E+00 7.275860E+00 7.248607E+00 7.235674E+00 7.227170E+00 7.217821E+00 7.198333E+00 7.176553E+00 7.143663E+00 7.096826E+00 7.025465E+00
9.019292E+00 8.913766E+00 8.826016E+00 8.743247E+00 8.667080E+00 8.493186E+00 8.452691E+00 8.418994E+00 8.393310E+00 8.377653E+00 8.375138E+00 8.390362E+00 8.428664E+00 8.467651E+00 8.563687E+00 8.688145E+00 8.836870E+00 9.002105E+00 9.173111E+00 9.416626E+00 9.554254E+00 9.682601E+00 9.779702E+00 9.847132E+00 1.007326E+01 1.011770E+01 1.017467E+01 1.023679E+01 1.030931E+01 1.039608E+01 1.036329E+01 1.057166E+01 1.084513E+01 1.117670E+01 1.146756E+01 1.190429E+01 1.238783E+01 1.288605E+01 1.339553E+01 1.388996E+01 1.429502E+01 1.464542E+01 1.481260E+01 1.476630E+01 1.463525E+01 1.434468E+01 1.402981E+01 1.371345E+01 1.340288E+01 1.309272E+01 1.281931E+01 1.248445E+01 1.214501E+01 1.182025E+01 1.145355E+01 1.120814E+01 1.098738E+01 1.075615E+01 1.056294E+01 1.043577E+01 1.043497E+01 1.043339E+01 1.049025E+01 1.059354E+01 1.072113E+01 1.092368E+01 1.117651E+01 1.145895E+01 1.177575E+01 1.209488E+01 1.244856E+01 1.255810E+01 1.261573E+01 1.253616E+01 1.236701E+01 1.214483E+01 1.190277E+01 1.166167E+01 1.141206E+01 1.115498E+01 1.088831E+01 1.060412E+01 1.031773E+01 1.001508E+01 9.701095E+00 9.380035E+00 9.060806E+00 8.754886E+00 8.501520E+00 8.272438E+00 8.093288E+00 7.960749E+00 7.864109E+00 7.791677E+00 7.733926E+00 7.683945E+00 7.627633E+00 7.578494E+00 7.525609E+00 7.467179E+00
9.596943E+00 9.517125E+00 9.439428E+00 9.182618E+00 9.133680E+00 9.090315E+00 9.053110E+00 9.060846E+00 9.047635E+00 9.045424E+00 9.057954E+00 9.089832E+00 9.143375E+00 9.182429E+00 9.281981E+00 9.398570E+00 9.525551E+00 9.653761E+00 9.737254E+00 9.984632E+00 1.009543E+01 1.016222E+01 1.020464E+01 1.022987E+01 1.036543E+01 1.050121E+01 1.057289E+01 1.065299E+01 1.073639E+01 1.084134E+01 1.083643E+01 1.103616E+01 1.127985E+01 1.155355E+01 1.177708E+01 1.205040E+01 1.237561E+01 1.270536E+01 1.301030E+01 1.327551E+01 1.346919E+01 1.357826E+01 1.357632E+01 1.346161E+01 1.331431E+01 1.313913E+01 1.288922E+01 1.262590E+01 1.235669E+01 1.208525E+01 1.185229E+01 1.158903E+01 1.136542E+01 1.119105E+01 1.112706E+01 1.089509E+01 1.075289E+01 1.063771E+01 1.059652E+01 1.063364E+01 1.077409E+01 1.091315E+01 1.111072E+01 1.135446E+01 1.183799E+01 1.193477E+01 1.234026E+01 1.280221E+01 1.327671E+01 1.373690E+01 1.426495E+01 1.447827E+01 1.460542E+01 1.454413E+01 1.435554E+01 1.417665E+01 1.388148E+01 1.349445E+01 1.317922E+01 1.286533E+01 1.255112E+01 1.222750E+01 1.190313E+01 1.155522E+01 1.120116E+01 1.083993E+01 1.047598E+01 1.013446E+01 9.792775E+00 9.478030E+00 9.199688E+00 8.961792E+00 8.762986E+00 8.600581E+00 8.463334E+00 8.363991E+00 8.263976E+00 8.140446E+00 8.053434E+00 7.969675E+00
1.021463E+01 9.942398E+00 9.898506E+00 9.856777E+00 9.818443E+00 9.784313E+00 9.755119E+00 9.731794E+00 9.715752E+00 9.709707E+00 9.718074E+00 9.817287E+00 9.875018E+00 9.948168E+00 1.003275E+01 1.007813E+01 1.014788E+01 1.022793E+01 1.029341E+01 1.031223E+01 1.054433E+01 1.054220E+01 1.052167E+01 1.048889E+01 1.047704E+01 1.075349E+01 1.079894E+01 1.083964E+01 1.088819E+01 1.095288E+01 1.095378E+01 1.112090E+01 1.128600E+01 1.146680E+01 1.165786E+01 1.173317E+01 1.192329E+01 1.210980E+01 1.227725E+01 1.240924E+01 1.249892E+01 1.249240E+01 1.243239E+01 1.230621E+01 1.213754E+01 1.204889E+01 1.183716E+01 1.162388E+01 1.141093E+01 1.121390E+01 1.104694E+01 1.090857E+01 1.085059E+01 1.087790E+01 1.092444E+01 1.076019E+01 1.072899E+01 1.074481E+01 1.087734E+01 1.114188E+01 1.139184E+01 1.164176E+01 1.200128E+01 1.241322E+01 1.292078E+01 1.332268E+01 1.386637E+01 1.447265E+01 1.507135E+01 1.569051E+01 1.663078E+01 1.688220E+01 1.704735E+01 1.699817E+01 1.679079E+01 1.647875E+01 1.616448E+01 1.576629E+01 1.535917E+01 1.495792E+01 1.455522E+01 1.416877E+01 1.377364E+01 1.337084E+01 1.296488E+01 1.255677E+01 1.213510E+01 1.172158E+01 1.131148E+01 1.091374E+01 1.057838E+01 1.025203E+01 9.950198E+00 9.682924E+00 9.448371E+00 9.243081E+00 9.062805E+00 8.907275E+00 8.764395E+00 8.634602E+00
1.069758E+01 1.067767E+01 1.065489E+01 1.063089E+01 1.060277E+01 1.057902E+01 1.055704E+01 1.052208E+01 1.051177E+01 1.051069E+01 1.052065E+01 1.054161E+01 1.057195E+01 1.060791E+01 1.072524E+01 1.077232E+01 1.079968E+01 1.079826E+01 1.075919E+01 1.067910E+01 1.086950E+01 1.078430E+01 1.067746E+01 1.057824E+01 1.057364E+01 1.055689E+01 1.062967E+01 1.074431E+01 1.073187E+01 1.073608E+01 1.078259E+01 1.084762E+01 1.093474E+01 1.103675E+01 1.115083E+01 1.126557E+01 1.132089E+01 1.137924E+01 1.147255E+01 1.154028E+01 1.154056E+01 1.150614E+01 1.142606E+01 1.129400E+01 1.115433E+01 1.099288E+01 1.085301E+01 1.075845E+01 1.062274E+01 1.052602E+01 1.048567E+01 1.047979E+01 1.063458E+01 1.085246E+01 1.083253E+01 1.087427E+01 1.106596E+01 1.117620E+01 1.148329E+01 1.190008E+01 1.233006E+01 1.269531E+01 1.331514E+01 1.394006E+01 1.462385E+01 1.534456E+01 1.627586E+01 1.673064E+01 1.750777E+01 1.847873E+01 1.911626E+01 1.967429E+01 1.987034E+01 1.984137E+01 1.982189E+01 1.948207E+01 1.895168E+01 1.845091E+01 1.793702E+01 1.743051E+01 1.693787E+01 1.645157E+01 1.595747E+01 1.546093E+01 1.497363E+01 1.450010E+01 1.404072E+01 1.359397E+01 1.313917E+01 1.268253E+01 1.222877E+01 1.178678E+01 1.136607E+01 1.097404E+01 1.067624E+01 1.036076E+01 1.007780E+01 9.870597E+00 9.649653E+00 9.452319E+00
1.148774E+01 1.150651E+01 1.151728E+01 1.152085E+01 1.151778E+01 1.147767E+01 1.146939E+01 1.145675E+01 1.144520E+01 1.143693E+01 1.143173E+01 1.142758E+01 1.142041E+01 1.146894E+01 1.145395E+01 1.141298E+01 1.133989E+01 1.124889E+01 1.109660E+01 1.116978E+01 1.100772E+01 1.082139E+01 1.060861E+01 1.054519E+01 1.045226E+01 1.035035E+01 1.025511E+01 1.036750E+01 1.030434E+01 1.026509E+01 1.027592E+01 1.034006E+01 1.038666E+01 1.045052E+01 1.052439E+01 1.060581E+01 1.068254E+01 1.066823E+01 1.072536E+01 1.075068E+01 1.072821E+01 1.063949E+01 1.054751E+01 1.043224E+01 1.030737E+01 1.018034E+01 1.006766E+01 1.004093E+01 9.998286E+00 1.002253E+01 1.014346E+01 1.030535E+01 1.072526E+01 1.072155E+01 1.085316E+01 1.110611E+01 1.146615E+01 1.182578E+01 1.238036E+01 1.302687E+01 1.370923E+01 1.423203E+01 1.507254E+01 1.599665E+01 1.699450E+01 1.804682E+01 1.906244E+01 1.979246E+01 2.101030E+01 2.209371E+01 2.272197E+01 2.322669E+01 2.339567E+01 2.332447E+01 2.315597E+01 2.272625E+01 2.214223E+01 2.148537E+01 2.082461E+01 2.020584E+01 1.963599E+01 1.907442E+01 1.848726E+01 1.786777E+01 1.725048E+01 1.666594E+01 1.612640E+01 1.562542E+01 1.515219E+01 1.467199E+01 1.417764E+01 1.366452E+01 1.314104E+01 1.262361E+01 1.212842E+01 1.166652E+01 1.136847E+01 1.100275E+01 1.067469E+01 1.038188E+01
1.215409E+01 1.225934E+01 1.249410E+01 1.254920E+01 1.258495E+01 1.259982E+01 1.257194E+01 1.255411E+01 1.252181E+01 1.247545E+01 1.241408E+01 1.233562E+01 1.223741E+01 1.217773E+01 1.204214E+01 1.187811E+01 1.169891E+01 1.147152E+01 1.120799E+01 1.092721E+01 1.089752E+01 1.062615E+01 1.042904E+01 1.023957E+01 1.005170E+01 9.879386E+00 9.733626E+00 9.623406E+00 9.682320E+00 9.645625E+00 9.654853E+00 9.728948E+00 9.793439E+00 9.857740E+00 9.926464E+00 9.995246E+00 1.005203E+01 1.009409E+01 1.005733E+01 1.004227E+01 9.993774E+00 9.867788E+00 9.770257E+00 9.664901E+00 9.562404E+00 9.475291E+00 9.415613E+00 9.400158E+00 9.518163E+00 9.682550E+00 9.971366E+00 1.027358E+01 1.048647E+01 1.072569E+01 1.108209E+01 1.155099E+01 1.212750E+01 1.280626E+01 1.350403E+01 1.439658E+01 1.537308E+01 1.621029E+01 1.744922E+01 1.883707E+01 2.029680E+01 2.180326E+01 2.320600E+01 2.454029E+01 2.553018E+01 2.650002E+01 2.698754E+01 2.738708E+01 2.747654E+01 2.724936E+01 2.699316E+01 2.634317E+01 2.548061E+01 2.452791E+01 2.361486E+01 2.285802E+01 2.229282E+01 2.182647E+01 2.130661E+01 2.064129E+01 1.986686E+01 1.909025E+01 1.838123E+01 1.775735E+01 1.721584E+01 1.672147E+01 1.625029E+01 1.576266E+01 1.522071E+01 1.461545E+01 1.397751E+01 1.344282E+01 1.287703E+01 1.236005E+01 1.189501E+01 1.148070E+01
1.296703E+01 1.319417E+01 1.341072E+01 1.360391E+01 1.383392E+01 1.389964E+01 1.388812E+01 1.379679E+01 1.365507E+01 1.347012E+01 1.325766E+01 1.302833E+01 1.278861E+01 1.258153E+01 1.233054E+01 1.206943E+01 1.178127E+01 1.145900E+01 1.110593E+01 1.074085E+01 1.037673E+01 1.004718E+01 9.945231E+00 9.666622E+00 9.409092E+00 9.189636E+00 9.031459E+00 9.005356E+00 8.994309E+00 9.043192E+00 9.098654E+00 9.177719E+00 9.276791E+00 9.354285E+00 9.422946E+00 9.481617E+00 9.516641E+00 9.496545E+00 9.456846E+00 9.381687E+00 9.295886E+00 9.219957E+00 9.062310E+00 8.968473E+00 8.886080E+00 8.828969E+00 8.827490E+00 8.940805E+00 9.150130E+00 9.464096E+00 9.849889E+00 1.020718E+01 1.050529E+01 1.095146E+01 1.152041E+01 1.220906E+01 1.300143E+01 1.380501E+01 1.482064E+01 1.601713E+01 1.735773E+01 1.900347E+01 2.056073E+01 2.265104E+01 2.492361E+01 2.716818E+01 2.897581E+01 2.985563E+01 3.057605E+01 3.095553E+01 3.123315E+01 3.139181E+01 3.142450E+01 3.132070E+01 3.088518E+01 3.007448E+01 2.875129E+01 2.726761E+01 2.591448E+01 2.485269E+01 2.417473E+01 2.379742E+01 2.364336E+01 2.348489E+01 2.289027E+01 2.187854E+01 2.085036E+01 1.995537E+01 1.920685E+01 1.858781E+01 1.807763E+01 1.765048E+01 1.726422E+01 1.682698E+01 1.622383E+01 1.545460E+01 1.467501E+01 1.395598E+01 1.327144E+01 1.269835E+01
1.344575E+01 1.378918E+01 1.415849E+01 1.455721E+01 1.498974E+01 1.546232E+01 1.500765E+01 1.458452E+01 1.418937E+01 1.381924E+01 1.345480E+01 1.312056E+01 1.281592E+01 1.254367E+01 1.227352E+01 1.201886E+01 1.156486E+01 1.113404E+01 1.072367E+01 1.033240E+01 9.963695E+00 9.610009E+00 9.311246E+00 8.978769E+00 8.656362E+00 8.343783E+00 8.416817E+00 8.489666E+00 8.562950E+00 8.636477E+00 8.715323E+00 8.789651E+00 8.871828E+00 8.945391E+00 9.013318E+00 9.073894E+00 8.989773E+00 8.907204E+00 8.823549E+00 8.735259E+00 8.632958E+00 8.521957E+00 8.407118E+00 8.323245E+00 8.253778E+00 8.204664E+00 8.380714E+00 8.624786E+00 8.953096E+00 9.345222E+00 9.749004E+00 1.016304E+01 1.065438E+01 1.128346E+01 1.206085E+01 1.298925E+01 1.384790E+01 1.489192E+01 1.615001E+01 1.766470E+01 1.941805E+01 2.155401E+01 2.403002E+01 2.709009E+01 3.065822E+01 3.465741E+01 3.403870E+01 3.370521E+01 3.351290E+01 3.337545E+01 3.326554E+01 3.316728E+01 3.313563E+01 3.322066E+01 3.351243E+01 3.418038E+01 3.190070E+01 2.969288E+01 2.778874E+01 2.627015E+01 2.526245E+01 2.465223E+01 2.441961E+01 2.446205E+01 2.471532E+01 2.514556E+01 2.345070E+01 2.209907E+01 2.106324E+01 2.019492E+01 1.951670E+01 1.894006E+01 1.851271E+01 1.819650E+01 1.798185E+01 1.786275E+01 1.669830E+01 1.569516E+01 1.482831E+01 1.407785E+01
1.332842E+01 1.361171E+01 1.388006E+01 1.410592E+01 1.422607E+01 1.423703E+01 1.410834E+01 1.382793E+01 1.355349E+01 1.325612E+01 1.295349E+01 1.265210E+01 1.233602E+01 1.202607E+01 1.168874E+01 1.132129E+01 1.094527E+01 1.056803E+01 1.020396E+01 9.858310E+00 9.529543E+00 9.222457E+00 8.979623E+00 8.763703E+00 8.612944E+00 8.461407E+00 8.416928E+00 8.409190E+00 8.417691E+00 8.343460E+00 8.370191E+00 8.400285E+00 8.433283E+00 8.449810E+00 8.439041E+00 8.397563E+00 8.331507E+00 8.258698E+00 8.179532E+00 8.122522E+00 7.991691E+00 7.906581E+00 7.822965E+00 7.791634E+00 7.836945E+00 7.984710E+00 8.202619E+00 8.506211E+00 8.873007E+00 9.172825E+00 9.587217E+00 1.008915E+01 1.068799E+01 1.138980E+01 1.219201E+01 1.312561E+01 1.416752E+01 1.539741E+01 1.684737E+01 1.879199E+01 2.075403E+01 2.297330E+01 2.526943E+01 2.724590E+01 2.843606E+01 2.920121E+01 2.960771E+01 2.999425E+01 3.043035E+01 3.096353E+01 3.133582E+01 3.154322E+01 3.134388E+01 3.125601E+01 3.116878E+01 3.120384E+01 3.121915E+01 3.047082E+01 2.887504E+01 2.716385E+01 2.591379E+01 2.502965E+01 2.447289E+01 2.415892E+01 2.400489E+01 2.392890E+01 2.372407E+01 2.310490E+01 2.221159E+01 2.126768E+01 2.043564E+01 1.973464E+01 1.915574E+01 1.868221E+01 1.826313E+01 1.791170E+01 1.749831E+01 1.693369E+01 1.614309E+01 1.534164E+01
1.286809E+01 1.304285E+01 1.314942E+01 1.325005E+01 1.328995E+01 1.325983E+01 1.305228E+01 1.290757E+01 1.271602E+01 1.249133E+01 1.224306E+01 1.197585E+01 1.169030E+01 1.136578E+01 1.104686E+01 1.071696E+01 1.038340E+01 1.006060E+01 9.774935E+00 9.492731E+00 9.242286E+00 9.022041E+00 8.836511E+00 8.718403E+00 8.484569E+00 8.380780E+00 8.284219E+00 8.209856E+00 8.155549E+00 8.109878E+00 7.957040E+00 7.935717E+00 7.920367E+00 7.894016E+00 7.858053E+00 7.810695E+00 7.755169E+00 7.692967E+00 7.622070E+00 7.552118E+00 7.460466E+00 7.406525E+00 7.386685E+00 7.393372E+00 7.508364E+00 7.673914E+00 7.925004E+00 8.239016E+00 8.579289E+00 8.941493E+00 9.250947E+00 9.820006E+00 1.044479E+01 1.114742E+01 1.204106E+01 1.299953E+01 1.410605E+01 1.535949E+01 1.678901E+01 1.836488E+01 2.026630E+01 2.177226E+01 2.293576E+01 2.357829E+01 2.420632E+01 2.438288E+01 2.453917E+01 2.487913E+01 2.545459E+01 2.624458E+01 2.721497E+01 2.772385E+01 2.827427E+01 2.847775E+01 2.842866E+01 2.831332E+01 2.827490E+01 2.818770E+01 2.755345E+01 2.670372E+01 2.571916E+01 2.481482E+01 2.407747E+01 2.350117E+01 2.307332E+01 2.273514E+01 2.244064E+01 2.211453E+01 2.174741E+01 2.118898E+01 2.055366E+01 1.991618E+01 1.932341E+01 1.879345E+01 1.832549E+01 1.783958E+01 1.744098E+01 1.701161E+01 1.650570E+01 1.603625E+01
1.232041E+01 1.242637E+01 1.250389E+01 1.254560E+01 1.254852E+01 1.234528E+01 1.227099E+01 1.215419E+01 1.200065E+01 1.181625E+01 1.160556E+01 1.137153E+01 1.111583E+01 1.081700E+01 1.052871E+01 1.023153E+01 9.936058E+00 9.655932E+00 9.396403E+00 9.192226E+00 8.985194E+00 8.795435E+00 8.623333E+00 8.465496E+00 8.250464E+00 8.113017E+00 7.972966E+00 7.856032E+00 7.754232E+00 7.664650E+00 7.494500E+00 7.449114E+00 7.416782E+00 7.382985E+00 7.340073E+00 7.294331E+00 7.238354E+00 7.183408E+00 7.117509E+00 7.051568E+00 6.962913E+00 6.919524E+00 6.907959E+00 6.944962E+00 7.044050E+00 7.219444E+00 7.468565E+00 7.754916E+00 8.067486E+00 8.426363E+00 8.755856E+00 9.350726E+00 9.963988E+00 1.067861E+01 1.153921E+01 1.245903E+01 1.348863E+01 1.461947E+01 1.583870E+01 1.708240E+01 1.839947E+01 1.924248E+01 1.977788E+01 2.002289E+01 2.021240E+01 2.018334E+01 2.024021E+01 2.059011E+01 2.113983E+01 2.198271E+01 2.309738E+01 2.391792E+01 2.493067E+01 2.556264E+01 2.573350E+01 2.566235E+01 2.558186E+01 2.524753E+01 2.508493E+01 2.473572E+01 2.421284E+01 2.358791E+01 2.294019E+01 2.233887E+01 2.180547E+01 2.134987E+01 2.098285E+01 2.064913E+01 2.040462E+01 2.007929E+01 1.971058E+01 1.929934E+01 1.886495E+01 1.843109E+01 1.801457E+01 1.762102E+01 1.715721E+01 1.679390E+01 1.641182E+01 1.599239E+01
1.189678E+01 1.196604E+01 1.200281E+01 1.183762E+01 1.183294E+01 1.179460E+01 1.172267E+01 1.159418E+01 1.146307E+01 1.130441E+01 1.111977E+01 1.090968E+01 1.067394E+01 1.039134E+01 1.011384E+01 9.827110E+00 9.545186E+00 9.278936E+00 9.036983E+00 8.823276E+00 8.648456E+00 8.451813E+00 8.264768E+00 8.085775E+00 7.819497E+00 7.714903E+00 7.560755E+00 7.393035E+00 7.266422E+00 7.154361E+00 7.012097E+00 6.964108E+00 6.926497E+00 6.888472E+00 6.833395E+00 6.796808E+00 6.738682E+00 6.664546E+00 6.580010E+00 6.493632E+00 6.393017E+00 6.334461E+00 6.308844E+00 6.338796E+00 6.478946E+00 6.612350E+00 6.841544E+00 7.106446E+00 7.408823E+00 7.762612E+00 8.188494E+00 8.697083E+00 9.273471E+00 9.935486E+00 1.076308E+01 1.156474E+01 1.247872E+01 1.346710E+01 1.448641E+01 1.541908E+01 1.622301E+01 1.664624E+01 1.682611E+01 1.681919E+01 1.690921E+01 1.681071E+01 1.690081E+01 1.726117E+01 1.780602E+01 1.862192E+01 1.969241E+01 2.070341E+01 2.193045E+01 2.282746E+01 2.320495E+01 2.298303E+01 2.290446E+01 2.277054E+01 2.260496E+01 2.236130E+01 2.203199E+01 2.163319E+01 2.115519E+01 2.066265E+01 2.017761E+01 1.972466E+01 1.932295E+01 1.902626E+01 1.874936E+01 1.852278E+01 1.829298E+01 1.805919E+01 1.781142E+01 1.754769E+01 1.727208E+01 1.684082E+01 1.656452E+01 1.631930E+01 1.603067E+01 1.572261E+01
1.205244E+01 1.141645E+01 1.144860E+01 1.145808E+01 1.144275E+01 1.140137E+01 1.133353E+01 1.123928E+01 1.111866E+01 1.097106E+01 1.079471E+01 1.056996E+01 1.032857E+01 1.005110E+01 9.748399E+00 9.427247E+00 9.138966E+00 8.859038E+00 8.597491E+00 8.353431E+00 8.186785E+00 7.982788E+00 7.780748E+00 7.586316E+00 7.399773E+00 7.205037E+00 7.037879E+00 6.884390E+00 6.747542E+00 6.627314E+00 6.400694E+00 6.467043E+00 6.425039E+00 6.379209E+00 6.322784E+00 6.253882E+00 6.173985E+00 6.079293E+00 5.965383E+00 5.845035E+00 5.728367E+00 5.631798E+00 5.598243E+00 5.633978E+00 5.747869E+00 5.920546E+00 6.139311E+00 6.390169E+00 6.679246E+00 7.016370E+00 7.398598E+00 7.867782E+00 8.456629E+00 9.058044E+00 9.735313E+00 1.056722E+01 1.143098E+01 1.234404E+01 1.319383E+01 1.380923E+01 1.414454E+01 1.428512E+01 1.423919E+01 1.414141E+01 1.405525E+01 1.408822E+01 1.431974E+01 1.466986E+01 1.522616E+01 1.601707E+01 1.703406E+01 1.818454E+01 1.942782E+01 2.036674E+01 2.082087E+01 2.093355E+01 2.063487E+01 2.048831E+01 2.030720E+01 2.009156E+01 1.984193E+01 1.952507E+01 1.917583E+01 1.878969E+01 1.838131E+01 1.797519E+01 1.757549E+01 1.723330E+01 1.694692E+01 1.671616E+01 1.659845E+01 1.631612E+01 1.620389E+01 1.609675E+01 1.598294E+01 1.585594E+01 1.571311E+01 1.555316E+01 1.537411E+01 1.517258E+01
1.153539E+01 1.154350E+01 1.153407E+01 1.150537E+01 1.121873E+01 1.117698E+01 1.111173E+01 1.101384E+01 1.089687E+01 1.074667E+01 1.055614E+01 1.031645E+01 1.002193E+01 9.682291E+00 9.323167E+00 8.976361E+00 8.652267E+00 8.355651E+00 8.070236E+00 7.813942E+00 7.648409E+00 7.438370E+00 7.237166E+00 7.042033E+00 6.878332E+00 6.697289E+00 6.483847E+00 6.379594E+00 6.240857E+00 6.118721E+00 6.038209E+00 5.991860E+00 5.929852E+00 5.854251E+00 5.771931E+00 5.665089E+00 5.537769E+00 5.386508E+00 5.225319E+00 5.067273E+00 4.931702E+00 4.884330E+00 4.858104E+00 4.930387E+00 5.067535E+00 5.243133E+00 5.480904E+00 5.673652E+00 5.939080E+00 6.244022E+00 6.591479E+00 7.086238E+00 7.622911E+00 8.215878E+00 8.904324E+00 9.696550E+00 1.066117E+01 1.147516E+01 1.206959E+01 1.231612E+01 1.228136E+01 1.230057E+01 1.217274E+01 1.206911E+01 1.202189E+01 1.209078E+01 1.234951E+01 1.274293E+01 1.329359E+01 1.404952E+01 1.505672E+01 1.617364E+01 1.728575E+01 1.808088E+01 1.842403E+01 1.852165E+01 1.843991E+01 1.832435E+01 1.818183E+01 1.801776E+01 1.782793E+01 1.759600E+01 1.733839E+01 1.702620E+01 1.667877E+01 1.630470E+01 1.592462E+01 1.543669E+01 1.512297E+01 1.486982E+01 1.468914E+01 1.458325E+01 1.453327E+01 1.452012E+01 1.459202E+01 1.460517E+01 1.460284E+01 1.482743E+01 1.480600E+01 1.475288E+01
1.145704E+01 1.146097E+01 1.144822E+01 1.141731E+01 1.136652E+01 1.110366E+01 1.103935E+01 1.094312E+01 1.080609E+01 1.061550E+01 1.035595E+01 1.001693E+01 9.611356E+00 9.178765E+00 8.762499E+00 8.379513E+00 8.039580E+00 7.745895E+00 7.495559E+00 7.298625E+00 7.104592E+00 6.922830E+00 6.744289E+00 6.563815E+00 6.384966E+00 6.229391E+00 6.056934E+00 5.910706E+00 5.769526E+00 5.641005E+00 5.541571E+00 5.493074E+00 5.390319E+00 5.271747E+00 5.132055E+00 4.972624E+00 4.791155E+00 4.594546E+00 4.409689E+00 4.251953E+00 4.145099E+00 4.164919E+00 4.216133E+00 4.325620E+00 4.462187E+00 4.614694E+00 4.786574E+00 4.983433E+00 5.219697E+00 5.508963E+00 5.862521E+00 6.408491E+00 6.964415E+00 7.629270E+00 8.405087E+00 9.261061E+00 1.009010E+01 1.076547E+01 1.101127E+01 1.096577E+01 1.077884E+01 1.069707E+01 1.052511E+01 1.040402E+01 1.039888E+01 1.051308E+01 1.075651E+01 1.114731E+01 1.170685E+01 1.244935E+01 1.341872E+01 1.440430E+01 1.527885E+01 1.587259E+01 1.618670E+01 1.635859E+01 1.641607E+01 1.638621E+01 1.632441E+01 1.622402E+01 1.609091E+01 1.593499E+01 1.574102E+01 1.550784E+01 1.523172E+01 1.490957E+01 1.454963E+01 1.417061E+01 1.370146E+01 1.336255E+01 1.309339E+01 1.292604E+01 1.287146E+01 1.290574E+01 1.299667E+01 1.311046E+01 1.348759E+01 1.363052E+01 1.374049E+01 1.381006E+01
1.138490E+01 1.140575E+01 1.148979E+01 1.146762E+01 1.142280E+01 1.134925E+01 1.112930E+01 1.099633E+01 1.078039E+01 1.045708E+01 1.002255E+01 9.512796E+00 8.988492E+00 8.486527E+00 8.031971E+00 7.638572E+00 7.317041E+00 7.068291E+00 6.889426E+00 6.746001E+00 6.623245E+00 6.504671E+00 6.375638E+00 6.231757E+00 6.062695E+00 5.898112E+00 5.714055E+00 5.540578E+00 5.390260E+00 5.229874E+00 5.075286E+00 4.970914E+00 4.801078E+00 4.610317E+00 4.405026E+00 4.191602E+00 3.975143E+00 3.780000E+00 3.625517E+00 3.545647E+00 3.543957E+00 3.646043E+00 3.732814E+00 3.827162E+00 3.925968E+00 4.035154E+00 4.168294E+00 4.345949E+00 4.584149E+00 4.922112E+00 5.361089E+00 5.990391E+00 6.657307E+00 7.426015E+00 8.268975E+00 9.089049E+00 9.712746E+00 1.001171E+01 1.004075E+01 9.855274E+00 9.592793E+00 9.392463E+00 9.150886E+00 8.991597E+00 8.939293E+00 9.043635E+00 9.300111E+00 9.707111E+00 1.026126E+01 1.097641E+01 1.185721E+01 1.267779E+01 1.335062E+01 1.385989E+01 1.422046E+01 1.451238E+01 1.470537E+01 1.481987E+01 1.484142E+01 1.481188E+01 1.471524E+01 1.457757E+01 1.439397E+01 1.421206E+01 1.401544E+01 1.378301E+01 1.350305E+01 1.317428E+01 1.272713E+01 1.232002E+01 1.191382E+01 1.156361E+01 1.134284E+01 1.130345E+01 1.141676E+01 1.175873E+01 1.203603E+01 1.230258E+01 1.253495E+01 1.271988E+01
1.147932E+01 1.153283E+01 1.157210E+01 1.159272E+01 1.162905E+01 1.156466E+01 1.140464E+01 1.106033E+01 1.056048E+01 9.950294E+00 9.318614E+00 8.710408E+00 8.135491E+00 7.603026E+00 7.134396E+00 6.762369E+00 6.507656E+00 6.369996E+00 6.309620E+00 6.284142E+00 6.267225E+00 6.250068E+00 6.215479E+00 6.138336E+00 6.007789E+00 5.832902E+00 5.609029E+00 5.381127E+00 5.130234E+00 4.859742E+00 4.605720E+00 4.342212E+00 4.123505E+00 3.865586E+00 3.615016E+00 3.381260E+00 3.184744E+00 3.074676E+00 3.076609E+00 3.142341E+00 3.213530E+00 3.248863E+00 3.349680E+00 3.390981E+00 3.430892E+00 3.486640E+00 3.596400E+00 3.818041E+00 4.198896E+00 4.694038E+00 5.241576E+00 5.886422E+00 6.699901E+00 7.490422E+00 8.268841E+00 8.897305E+00 9.271740E+00 9.329470E+00 9.150070E+00 8.869610E+00 8.536900E+00 8.197404E+00 7.899619E+00 7.644858E+00 7.519771E+00 7.613567E+00 7.898742E+00 8.339198E+00 8.916033E+00 9.656147E+00 1.045564E+01 1.105420E+01 1.163444E+01 1.221886E+01 1.270329E+01 1.306395E+01 1.336458E+01 1.358396E+01 1.373244E+01 1.380964E+01 1.377126E+01 1.364083E+01 1.342102E+01 1.315939E+01 1.295259E+01 1.282153E+01 1.267937E+01 1.247432E+01 1.213761E+01 1.177566E+01 1.134955E+01 1.087837E+01 1.039782E+01 9.999095E+00 9.914329E+00 1.017122E+01 1.054848E+01 1.092877E+01 1.132664E+01 1.161877E+01
1.150743E+01 1.160283E+01 1.169543E+01 1.178622E+01 1.187638E+01 1.196715E+01 1.114994E+01 1.039077E+01 9.684503E+00 9.021927E+00 8.378255E+00 7.780447E+00 7.217278E+00 6.691040E+00 6.199958E+00 5.744394E+00 5.797853E+00 5.844102E+00 5.886921E+00 5.928717E+00 5.971650E+00 6.013695E+00 6.055906E+00 6.098023E+00 6.140076E+00 6.182381E+00 5.688155E+00 5.232710E+00 4.813853E+00 4.429049E+00 4.071082E+00 3.742358E+00 3.448500E+00 3.166329E+00 2.899034E+00 2.641792E+00 2.718616E+00 2.806395E+00 2.904048E+00 2.985587E+00 3.002052E+00 3.000656E+00 3.022534E+00 3.012172E+00 2.989631E+00 2.956755E+00 3.376712E+00 3.833495E+00 4.332455E+00 4.877217E+00 5.471790E+00 6.124362E+00 6.846196E+00 7.531439E+00 8.118490E+00 8.655170E+00 8.529876E+00 8.292103E+00 8.015579E+00 7.736540E+00 7.463221E+00 7.196655E+00 6.947904E+00 6.710443E+00 6.481288E+00 6.251762E+00 6.720151E+00 7.247312E+00 7.902454E+00 8.637921E+00 9.157064E+00 9.633940E+00 1.016339E+01 1.073955E+01 1.134917E+01 1.198037E+01 1.231890E+01 1.260741E+01 1.284388E+01 1.299769E+01 1.307799E+01 1.306178E+01 1.293367E+01 1.269138E+01 1.234965E+01 1.191180E+01 1.196252E+01 1.191960E+01 1.177913E+01 1.154436E+01 1.122519E+01 1.081047E+01 1.033918E+01 9.809748E+00 9.234384E+00 8.627250E+00 9.174583E+00 9.672862E+00 1.011085E+01 1.048073E+01
1.122353E+01 1.126496E+01 1.125773E+01 1.115363E+01 1.089190E+01 1.043380E+01 9.876363E+00 9.314740E+00 8.734888E+00 8.139562E+00 7.604589E+00 7.148141E+00 6.765757E+00 6.477119E+00 6.254907E+00 6.080226E+00 5.934805E+00 5.821259E+00 5.733421E+00 5.669517E+00 5.627466E+00 5.599616E+00 5.564914E+00 5.524519E+00 5.442362E+00 5.278937E+00 5.030790E+00 4.698912E+00 4.342430E+00 3.951656E+00 3.625981E+00 3.338687E+00 3.079222E+00 2.879356E+00 2.750073E+00 2.695225E+00 2.719699E+00 2.779658E+00 2.850198E+00 2.860422E+00 2.859447E+00 2.866596E+00 2.888090E+00 2.960676E+00 3.126438E+00 3.383981E+00 3.748177E+00 4.167937E+00 4.636874E+00 5.180903E+00 5.717814E+00 6.297510E+00 6.870847E+00 7.324092E+00 7.469749E+00 7.359534E+00 7.169963E+00 6.979378E+00 6.829299E+00 6.750329E+00 6.711050E+00 6.730574E+00 6.768723E+00 6.817855E+00 6.832371E+00 6.784586E+00 6.695192E+00 6.778680E+00 7.302339E+00 7.699182E+00 8.093721E+00 8.501435E+00 9.072165E+00 9.610822E+00 1.016433E+01 1.071820E+01 1.122867E+01 1.166417E+01 1.201700E+01 1.225743E+01 1.246919E+01 1.257122E+01 1.261044E+01 1.252569E+01 1.237196E+01 1.213936E+01 1.186520E+01 1.168275E+01 1.161497E+01 1.148816E+01 1.128974E+01 1.101298E+01 1.066235E+01 1.024938E+01 9.757782E+00 9.306303E+00 8.981883E+00 9.003035E+00 9.277469E+00 9.606504E+00
1.060774E+01 1.052363E+01 1.038903E+01 1.014101E+01 9.807318E+00 9.408104E+00 8.994056E+00 8.543409E+00 8.020872E+00 7.603013E+00 7.275618E+00 7.009929E+00 6.778178E+00 6.544121E+00 6.339615E+00 6.143334E+00 5.957042E+00 5.784003E+00 5.617255E+00 5.484508E+00 5.359166E+00 5.267455E+00 5.184231E+00 5.090505E+00 4.958778E+00 4.779942E+00 4.554328E+00 4.288698E+00 4.003075E+00 3.720989E+00 3.395562E+00 3.172952E+00 2.998236E+00 2.850401E+00 2.738821E+00 2.710503E+00 2.723941E+00 2.776031E+00 2.783730E+00 2.807648E+00 2.858767E+00 2.947596E+00 3.086163E+00 3.267264E+00 3.455823E+00 3.753333E+00 4.091889E+00 4.469018E+00 4.883345E+00 5.328291E+00 5.776899E+00 6.202603E+00 6.555975E+00 6.576467E+00 6.418447E+00 6.264267E+00 6.142225E+00 6.091571E+00 6.102661E+00 6.175365E+00 6.311822E+00 6.473815E+00 6.674618E+00 6.904419E+00 7.108035E+00 7.186593E+00 7.104108E+00 6.969328E+00 7.037180E+00 7.228186E+00 7.500073E+00 7.879346E+00 8.293732E+00 8.742532E+00 9.219743E+00 9.714882E+00 1.021684E+01 1.069096E+01 1.107428E+01 1.147743E+01 1.181536E+01 1.207191E+01 1.223271E+01 1.238140E+01 1.240071E+01 1.231809E+01 1.215338E+01 1.194526E+01 1.179019E+01 1.162410E+01 1.145814E+01 1.125733E+01 1.100364E+01 1.069567E+01 1.034651E+01 9.915791E+00 9.575996E+00 9.342309E+00 9.264176E+00 9.363215E+00
9.993002E+00 9.842630E+00 9.639665E+00 9.385188E+00 9.086864E+00 8.787185E+00 8.420069E+00 8.021822E+00 7.698154E+00 7.430452E+00 7.184566E+00 6.944041E+00 6.706718E+00 6.445979E+00 6.226487E+00 6.019144E+00 5.824192E+00 5.641782E+00 5.473763E+00 5.308304E+00 5.155212E+00 5.038246E+00 4.925507E+00 4.799540E+00 4.650587E+00 4.468133E+00 4.260953E+00 4.032092E+00 3.789452E+00 3.555758E+00 3.278328E+00 3.105743E+00 2.971722E+00 2.869653E+00 2.735873E+00 2.713388E+00 2.729053E+00 2.761557E+00 2.818643E+00 2.909233E+00 3.035324E+00 3.195504E+00 3.387905E+00 3.610455E+00 3.746067E+00 4.013791E+00 4.306778E+00 4.623258E+00 4.959760E+00 5.304968E+00 5.601231E+00 5.845034E+00 5.848303E+00 5.746120E+00 5.589799E+00 5.536901E+00 5.537675E+00 5.594349E+00 5.685834E+00 5.809970E+00 5.984907E+00 6.187888E+00 6.458072E+00 6.827936E+00 7.245432E+00 7.511128E+00 7.497187E+00 7.385853E+00 7.348834E+00 7.374245E+00 7.468372E+00 7.667795E+00 7.920356E+00 8.225975E+00 8.578899E+00 8.974182E+00 9.403992E+00 9.743606E+00 1.020682E+01 1.066357E+01 1.109261E+01 1.147327E+01 1.184488E+01 1.211783E+01 1.230464E+01 1.239340E+01 1.238543E+01 1.229283E+01 1.219003E+01 1.201564E+01 1.182926E+01 1.163230E+01 1.141249E+01 1.115918E+01 1.087377E+01 1.057301E+01 1.017861E+01 9.918684E+00 9.745125E+00 9.661652E+00
9.486032E+00 9.324084E+00 9.128000E+00 8.983975E+00 8.720405E+00 8.433851E+00 8.135027E+00 7.834404E+00 7.581102E+00 7.319492E+00 7.047706E+00 6.773896E+00 6.507275E+00 6.214212E+00 5.979925E+00 5.765273E+00 5.569583E+00 5.391455E+00 5.232464E+00 5.083669E+00 4.926695E+00 4.808130E+00 4.686624E+00 4.550601E+00 4.397404E+00 4.234435E+00 4.038176E+00 3.833240E+00 3.622348E+00 3.420000E+00 3.198756E+00 3.061128E+00 2.950667E+00 2.866919E+00 2.776560E+00 2.735137E+00 2.779497E+00 2.861903E+00 2.975368E+00 3.114585E+00 3.274310E+00 3.451249E+00 3.642935E+00 3.848604E+00 3.953054E+00 4.141155E+00 4.373205E+00 4.620402E+00 4.873429E+00 5.112614E+00 5.243906E+00 5.254321E+00 5.187499E+00 5.138215E+00 5.059305E+00 5.110019E+00 5.179302E+00 5.261003E+00 5.365194E+00 5.492962E+00 5.668078E+00 5.883915E+00 6.190560E+00 6.660177E+00 7.243756E+00 7.586029E+00 7.666578E+00 7.650485E+00 7.636818E+00 7.643167E+00 7.676092E+00 7.755953E+00 7.869276E+00 8.025186E+00 8.230785E+00 8.388268E+00 8.695917E+00 9.033244E+00 9.436497E+00 9.872769E+00 1.032832E+01 1.079390E+01 1.126863E+01 1.168635E+01 1.203236E+01 1.230767E+01 1.248924E+01 1.259854E+01 1.259428E+01 1.250618E+01 1.235491E+01 1.216190E+01 1.194101E+01 1.169746E+01 1.143587E+01 1.119676E+01 1.092196E+01 1.054479E+01 1.035000E+01 1.022558E+01
9.136784E+00 9.104915E+00 8.919186E+00 8.714861E+00 8.493712E+00 8.262653E+00 8.027433E+00 7.769342E+00 7.479169E+00 7.164595E+00 6.838877E+00 6.495528E+00 6.184064E+00 5.894596E+00 5.634677E+00 5.383650E+00 5.198007E+00 5.033478E+00 4.893441E+00 4.776091E+00 4.667358E+00 4.548143E+00 4.435568E+00 4.306076E+00 4.155789E+00 4.012888E+00 3.839834E+00 3.649550E+00 3.460065E+00 3.280059E+00 3.072234E+00 3.013723E+00 2.927465E+00 2.870758E+00 2.858193E+00 2.822962E+00 2.915843E+00 3.035776E+00 3.171754E+00 3.318360E+00 3.473905E+00 3.632473E+00 3.795010E+00 3.954940E+00 4.132618E+00 4.145007E+00 4.319242E+00 4.499345E+00 4.667472E+00 4.784689E+00 4.789953E+00 4.733077E+00 4.720819E+00 4.742100E+00 4.788000E+00 4.804394E+00 4.877657E+00 4.959419E+00 5.054359E+00 5.171806E+00 5.337794E+00 5.552719E+00 5.874527E+00 6.363464E+00 6.920819E+00 7.289164E+00 7.432727E+00 7.579634E+00 7.703104E+00 7.805911E+00 7.889825E+00 7.961804E+00 8.007162E+00 8.060022E+00 8.136694E+00 8.253020E+00 8.298858E+00 8.526067E+00 8.814143E+00 9.164923E+00 9.572792E+00 1.005483E+01 1.055004E+01 1.105818E+01 1.155500E+01 1.199680E+01 1.238707E+01 1.268852E+01 1.287909E+01 1.294713E+01 1.293240E+01 1.288379E+01 1.267394E+01 1.241892E+01 1.214255E+01 1.186642E+01 1.160981E+01 1.138771E+01 1.120939E+01 1.107836E+01
9.075350E+00 8.932464E+00 8.776094E+00 8.607671E+00 8.426615E+00 8.219223E+00 7.965030E+00 7.650783E+00 7.298755E+00 6.915521E+00 6.518505E+00 6.127947E+00 5.763924E+00 5.441922E+00 5.168955E+00 4.946701E+00 4.765726E+00 4.619499E+00 4.495728E+00 4.393992E+00 4.316953E+00 4.233825E+00 4.138155E+00 4.023401E+00 3.888613E+00 3.732267E+00 3.557517E+00 3.430394E+00 3.268027E+00 3.120085E+00 2.999311E+00 2.968327E+00 2.918434E+00 2.911042E+00 2.960166E+00 3.056283E+00 3.124389E+00 3.209390E+00 3.335502E+00 3.463975E+00 3.589762E+00 3.709527E+00 3.829521E+00 3.950382E+00 4.084391E+00 4.208996E+00 4.212328E+00 4.292637E+00 4.367330E+00 4.381471E+00 4.350566E+00 4.373451E+00 4.408984E+00 4.457115E+00 4.509447E+00 4.567030E+00 4.594991E+00 4.675718E+00 4.759291E+00 4.863107E+00 5.020126E+00 5.215646E+00 5.489570E+00 5.868331E+00 6.238877E+00 6.618700E+00 6.955508E+00 7.287636E+00 7.593738E+00 7.860145E+00 8.116559E+00 8.226269E+00 8.279806E+00 8.291730E+00 8.210790E+00 8.213907E+00 8.218487E+00 8.288912E+00 8.415866E+00 8.614993E+00 8.900496E+00 9.294596E+00 9.756257E+00 1.028091E+01 1.085047E+01 1.143582E+01 1.199875E+01 1.264987E+01 1.308025E+01 1.338822E+01 1.354066E+01 1.352796E+01 1.337548E+01 1.313315E+01 1.289851E+01 1.262685E+01 1.237707E+01 1.216072E+01 1.198244E+01 1.184272E+01
9.004665E+00 8.889416E+00 8.766171E+00 8.621009E+00 8.451358E+00 8.221155E+00 7.916765E+00 7.538172E+00 7.097717E+00 6.620199E+00 6.138882E+00 5.687374E+00 5.282056E+00 4.962918E+00 4.705721E+00 4.503343E+00 4.340783E+00 4.209074E+00 4.107619E+00 4.024288E+00 3.959978E+00 3.893871E+00 3.813792E+00 3.713403E+00 3.598136E+00 3.445547E+00 3.300543E+00 3.208021E+00 3.081029E+00 2.976082E+00 2.902914E+00 2.938199E+00 2.942320E+00 2.992745E+00 3.081990E+00 3.191113E+00 3.306885E+00 3.335448E+00 3.439661E+00 3.537126E+00 3.627661E+00 3.710115E+00 3.791069E+00 3.870373E+00 3.954997E+00 4.029833E+00 4.094301E+00 4.025259E+00 4.036738E+00 4.030202E+00 4.025758E+00 4.116002E+00 4.166290E+00 4.217866E+00 4.269822E+00 4.317993E+00 4.371653E+00 4.418386E+00 4.483680E+00 4.560873E+00 4.681525E+00 4.819125E+00 5.008382E+00 5.283651E+00 5.583267E+00 5.984410E+00 6.412804E+00 6.869241E+00 7.338289E+00 7.793949E+00 8.263383E+00 8.519980E+00 8.670437E+00 8.713977E+00 8.612266E+00 8.550918E+00 8.472251E+00 8.400266E+00 8.354226E+00 8.356577E+00 8.438416E+00 8.642535E+00 8.978117E+00 9.444323E+00 1.001102E+01 1.064685E+01 1.132339E+01 1.200674E+01 1.278938E+01 1.338500E+01 1.385216E+01 1.411420E+01 1.413529E+01 1.396936E+01 1.371169E+01 1.343321E+01 1.317002E+01 1.293673E+01 1.282729E+01 1.267435E+01
9.028135E+00 8.950905E+00 8.866381E+00 8.754194E+00 8.582221E+00 8.319259E+00 7.944339E+00 7.461036E+00 6.903779E+00 6.324958E+00 5.759523E+00 5.280058E+00 4.884145E+00 4.579044E+00 4.347319E+00 4.168806E+00 4.017447E+00 3.882852E+00 3.775623E+00 3.689015E+00 3.611796E+00 3.546087E+00 3.470973E+00 3.376728E+00 3.278746E+00 3.157640E+00 3.048351E+00 2.951941E+00 2.915008E+00 2.866695E+00 2.851611E+00 2.942315E+00 2.998081E+00 3.082047E+00 3.182853E+00 3.286754E+00 3.386788E+00 3.476511E+00 3.488802E+00 3.553188E+00 3.607636E+00 3.651731E+00 3.693897E+00 3.732250E+00 3.769638E+00 3.801532E+00 3.818943E+00 3.825180E+00 3.760160E+00 3.777353E+00 3.806680E+00 3.915235E+00 3.967691E+00 4.016408E+00 4.063627E+00 4.105971E+00 4.148514E+00 4.187325E+00 4.220532E+00 4.257167E+00 4.317355E+00 4.382488E+00 4.497764E+00 4.696430E+00 4.949066E+00 5.324964E+00 5.769677E+00 6.284727E+00 6.858640E+00 7.471118E+00 8.165853E+00 8.677552E+00 9.071786E+00 9.259705E+00 9.257971E+00 9.175413E+00 9.028126E+00 8.857007E+00 8.683195E+00 8.519136E+00 8.383857E+00 8.309911E+00 8.376483E+00 8.644901E+00 9.121320E+00 9.742276E+00 1.045160E+01 1.121411E+01 1.209842E+01 1.289044E+01 1.365349E+01 1.431916E+01 1.474972E+01 1.483746E+01 1.467349E+01 1.441297E+01 1.414111E+01 1.389009E+01 1.366954E+01 1.348056E+01
9.157168E+00 9.130293E+00 9.098051E+00 9.033881E+00 8.894709E+00 8.615736E+00 8.147043E+00 7.526699E+00 6.836737E+00 6.193336E+00 5.614337E+00 5.110536E+00 4.682248E+00 4.337435E+00 4.089144E+00 3.922572E+00 3.785988E+00 3.652361E+00 3.525410E+00 3.417118E+00 3.311962E+00 3.224577E+00 3.139221E+00 3.052988E+00 2.967963E+00 2.888334E+00 2.824124E+00 2.813666E+00 2.807312E+00 2.823834E+00 2.863010E+00 2.926332E+00 3.061316E+00 3.157232E+00 3.257841E+00 3.353571E+00 3.436126E+00 3.470801E+00 3.507791E+00 3.521218E+00 3.537972E+00 3.548888E+00 3.554141E+00 3.558769E+00 3.559252E+00 3.555382E+00 3.553417E+00 3.562047E+00 3.606270E+00 3.634639E+00 3.685167E+00 3.730164E+00 3.826407E+00 3.872886E+00 3.913837E+00 3.948133E+00 3.978056E+00 4.002027E+00 4.007876E+00 4.007477E+00 3.997069E+00 3.999542E+00 4.023856E+00 4.105564E+00 4.283059E+00 4.575930E+00 4.999251E+00 5.515459E+00 6.112763E+00 6.883867E+00 7.566231E+00 8.274587E+00 8.995640E+00 9.657772E+00 1.000528E+01 9.969993E+00 9.784532E+00 9.552962E+00 9.309803E+00 9.056145E+00 8.787756E+00 8.545437E+00 8.317220E+00 8.158958E+00 8.283580E+00 8.812603E+00 9.526658E+00 1.031503E+01 1.121315E+01 1.205765E+01 1.292455E+01 1.381022E+01 1.469511E+01 1.544788E+01 1.573475E+01 1.556890E+01 1.527620E+01 1.498336E+01 1.471944E+01 1.448884E+01
9.311843E+00 9.329809E+00 9.346528E+00 9.356000E+00 9.359209E+00 9.367804E+00 8.522815E+00 7.751623E+00 7.052275E+00 6.420825E+00 5.851880E+00 5.338402E+00 4.879017E+00 4.453119E+00 4.053816E+00 3.681142E+00 3.608885E+00 3.508199E+00 3.391643E+00 3.270708E+00 3.151463E+00 3.038493E+00 2.932047E+00 2.832246E+00 2.738145E+00 2.648484E+00 2.702833E+00 2.753462E+00 2.803129E+00 2.856826E+00 2.921408E+00 3.003902E+00 3.114817E+00 3.213348E+00 3.315760E+00 3.420311E+00 3.433436E+00 3.441111E+00 3.443951E+00 3.440915E+00 3.434978E+00 3.426444E+00 3.410667E+00 3.390391E+00 3.361640E+00 3.321424E+00 3.414834E+00 3.496399E+00 3.565085E+00 3.623175E+00 3.665762E+00 3.703400E+00 3.754782E+00 3.793249E+00 3.829004E+00 3.866050E+00 3.873156E+00 3.873046E+00 3.865862E+00 3.854002E+00 3.841445E+00 3.831629E+00 3.821977E+00 3.811660E+00 3.798587E+00 3.780632E+00 4.230984E+00 4.739258E+00 5.312144E+00 5.965755E+00 6.663925E+00 7.395344E+00 8.179023E+00 9.012054E+00 9.899681E+00 1.086598E+01 1.060158E+01 1.033947E+01 1.007640E+01 9.767021E+00 9.500505E+00 9.214387E+00 8.921854E+00 8.608363E+00 8.271958E+00 7.903744E+00 8.676133E+00 9.480405E+00 1.030176E+01 1.116929E+01 1.200217E+01 1.285124E+01 1.376686E+01 1.476012E+01 1.584740E+01 1.704203E+01 1.656368E+01 1.616008E+01 1.581662E+01 1.552200E+01
9.171157E+00 9.041447E+00 8.831544E+00 8.554355E+00 8.245594E+00 7.941217E+00 7.650707E+00 7.352782E+00 7.009656E+00 6.595148E+00 6.149638E+00 5.664498E+00 5.205823E+00 4.798323E+00 4.436031E+00 4.116250E+00 3.852376E+00 3.648699E+00 3.481117E+00 3.327264E+00 3.185962E+00 3.059098E+00 2.958113E+00 2.879706E+00 2.833644E+00 2.825830E+00 2.844344E+00 2.874206E+00 2.911851E+00 2.901340E+00 2.970801E+00 3.053601E+00 3.144795E+00 3.218245E+00 3.267165E+00 3.269328E+00 3.288094E+00 3.299331E+00 3.306165E+00 3.361808E+00 3.356753E+00 3.351781E+00 3.358066E+00 3.362203E+00 3.385460E+00 3.430243E+00 3.489645E+00 3.546443E+00 3.598566E+00 3.671524E+00 3.697133E+00 3.735603E+00 3.758187E+00 3.783979E+00 3.803660E+00 3.790849E+00 3.806503E+00 3.815644E+00 3.830847E+00 3.852028E+00 3.881563E+00 3.912390E+00 3.964379E+00 4.000331E+00 4.040373E+00 4.093287E+00 4.161736E+00 4.369058E+00 4.753071E+00 5.247653E+00 5.864580E+00 6.553680E+00 7.318960E+00 8.097469E+00 8.907735E+00 9.731535E+00 1.045579E+01 1.077335E+01 1.071952E+01 1.047911E+01 1.026012E+01 1.004841E+01 9.755629E+00 9.476999E+00 9.182215E+00 8.893694E+00 8.740638E+00 9.062012E+00 9.705337E+00 1.041564E+01 1.116349E+01 1.191636E+01 1.268819E+01 1.352053E+01 1.438275E+01 1.521991E+01 1.588787E+01 1.620138E+01 1.619865E+01 1.605303E+01
8.481128E+00 8.177282E+00 7.856325E+00 7.547636E+00 7.264760E+00 7.021612E+00 6.812985E+00 6.634336E+00 6.508942E+00 6.313940E+00 6.031774E+00 5.672205E+00 5.317215E+00 5.005603E+00 4.714827E+00 4.428758E+00 4.152302E+00 3.892860E+00 3.662772E+00 3.459613E+00 3.279230E+00 3.143418E+00 3.040422E+00 2.992427E+00 2.953863E+00 2.933520E+00 2.928543E+00 2.936532E+00 2.956429E+00 2.991588E+00 2.966891E+00 3.027614E+00 3.083268E+00 3.144967E+00 3.136835E+00 3.169943E+00 3.199567E+00 3.225995E+00 3.249814E+00 3.274593E+00 3.369126E+00 3.385374E+00 3.404819E+00 3.456141E+00 3.491495E+00 3.536429E+00 3.585198E+00 3.630233E+00 3.669029E+00 3.704134E+00 3.762692E+00 3.788191E+00 3.809815E+00 3.818206E+00 3.788578E+00 3.804898E+00 3.834470E+00 3.870968E+00 3.922503E+00 3.958148E+00 3.979367E+00 4.053059E+00 4.110499E+00 4.175214E+00 4.240155E+00 4.311626E+00 4.396474E+00 4.462178E+00 4.588841E+00 4.897468E+00 5.357180E+00 5.936773E+00 6.588392E+00 7.278321E+00 7.998595E+00 8.747415E+00 9.495431E+00 1.017005E+01 1.055898E+01 1.077756E+01 1.080302E+01 1.071852E+01 1.056899E+01 1.037542E+01 1.012324E+01 9.885961E+00 9.680795E+00 9.614607E+00 9.803681E+00 1.017963E+01 1.069595E+01 1.128450E+01 1.191438E+01 1.260370E+01 1.328468E+01 1.394946E+01 1.455295E+01 1.504311E+01 1.538351E+01 1.557391E+01
7.728412E+00 7.417810E+00 7.101065E+00 6.804215E+00 6.518232E+00 6.274619E+00 6.052750E+00 5.866153E+00 5.721784E+00 5.607209E+00 5.477715E+00 5.309149E+00 5.137639E+00 4.953662E+00 4.737804E+00 4.487313E+00 4.219130E+00 3.957886E+00 3.713264E+00 3.500943E+00 3.315351E+00 3.180543E+00 3.077501E+00 2.999728E+00 2.993338E+00 2.956418E+00 2.934074E+00 2.927669E+00 2.938602E+00 2.964538E+00 2.922415E+00 2.975318E+00 3.028952E+00 3.080906E+00 3.091839E+00 3.138150E+00 3.184865E+00 3.229709E+00 3.275751E+00 3.321921E+00 3.445890E+00 3.469318E+00 3.495000E+00 3.527582E+00 3.604199E+00 3.645420E+00 3.687305E+00 3.722548E+00 3.752942E+00 3.779322E+00 3.852824E+00 3.872903E+00 3.891402E+00 3.909175E+00 3.842686E+00 3.864269E+00 3.922911E+00 4.005691E+00 4.043967E+00 4.039044E+00 4.029514E+00 4.114084E+00 4.178147E+00 4.258288E+00 4.346520E+00 4.438454E+00 4.533580E+00 4.498997E+00 4.630044E+00 4.820283E+00 5.121190E+00 5.529753E+00 6.049430E+00 6.624838E+00 7.251290E+00 7.921255E+00 8.625331E+00 9.204729E+00 9.873188E+00 1.042961E+01 1.081516E+01 1.102470E+01 1.109480E+01 1.106729E+01 1.097303E+01 1.083712E+01 1.067553E+01 1.058586E+01 1.059839E+01 1.069167E+01 1.094126E+01 1.130224E+01 1.173337E+01 1.221433E+01 1.272805E+01 1.330472E+01 1.379731E+01 1.424067E+01 1.461393E+01 1.490530E+01
7.172323E+00 6.845585E+00 6.514514E+00 6.171873E+00 5.844800E+00 5.527394E+00 5.240724E+00 5.007807E+00 4.847774E+00 4.764135E+00 4.734000E+00 4.727638E+00 4.695800E+00 4.615605E+00 4.478404E+00 4.287867E+00 4.064707E+00 3.840126E+00 3.623751E+00 3.419942E+00 3.264189E+00 3.137101E+00 3.033355E+00 2.948545E+00 2.885715E+00 2.902567E+00 2.875248E+00 2.871789E+00 2.887504E+00 2.919064E+00 2.889374E+00 2.950899E+00 3.016024E+00 3.081992E+00 3.085671E+00 3.172099E+00 3.236083E+00 3.301384E+00 3.364083E+00 3.422863E+00 3.547176E+00 3.566881E+00 3.598121E+00 3.635376E+00 3.673903E+00 3.761280E+00 3.793146E+00 3.825799E+00 3.849268E+00 3.869557E+00 3.956283E+00 3.967843E+00 3.979057E+00 3.986659E+00 3.933397E+00 3.941242E+00 4.051178E+00 4.118423E+00 4.085254E+00 4.035717E+00 4.006204E+00 4.093286E+00 4.156672E+00 4.245321E+00 4.352750E+00 4.361512E+00 4.473091E+00 4.540225E+00 4.674150E+00 4.832163E+00 5.055116E+00 5.335036E+00 5.727639E+00 6.186900E+00 6.709931E+00 7.183857E+00 7.789446E+00 8.448214E+00 9.121194E+00 9.784588E+00 1.038787E+01 1.087756E+01 1.122382E+01 1.143255E+01 1.153824E+01 1.159371E+01 1.162565E+01 1.162193E+01 1.161590E+01 1.166957E+01 1.171041E+01 1.189072E+01 1.213651E+01 1.243883E+01 1.277951E+01 1.313948E+01 1.352554E+01 1.386522E+01 1.428904E+01 1.456589E+01
6.740189E+00 6.375674E+00 6.007777E+00 5.615259E+00 5.220055E+00 4.848394E+00 4.525898E+00 4.273538E+00 4.104128E+00 4.023483E+00 4.040235E+00 4.102471E+00 4.146162E+00 4.141536E+00 4.073915E+00 3.948356E+00 3.789646E+00 3.611771E+00 3.423434E+00 3.267218E+00 3.130062E+00 3.010914E+00 2.908954E+00 2.825778E+00 2.761453E+00 2.801192E+00 2.789576E+00 2.805193E+00 2.840287E+00 2.890515E+00 2.894310E+00 2.972155E+00 3.053797E+00 3.136590E+00 3.216582E+00 3.268749E+00 3.348453E+00 3.427867E+00 3.500623E+00 3.555883E+00 3.658502E+00 3.683154E+00 3.721455E+00 3.760836E+00 3.795810E+00 3.889598E+00 3.914219E+00 3.938529E+00 3.954439E+00 3.967292E+00 4.047725E+00 4.040343E+00 4.030460E+00 4.014008E+00 4.040175E+00 4.069518E+00 4.146188E+00 4.114940E+00 4.021296E+00 3.946304E+00 3.908187E+00 3.980996E+00 4.036773E+00 4.126848E+00 4.136393E+00 4.271188E+00 4.416380E+00 4.523201E+00 4.686302E+00 4.859245E+00 5.072216E+00 5.292764E+00 5.600709E+00 5.963752E+00 6.328054E+00 6.788618E+00 7.299839E+00 7.882127E+00 8.487510E+00 9.129525E+00 9.785514E+00 1.041633E+01 1.097215E+01 1.141645E+01 1.176500E+01 1.208024E+01 1.232742E+01 1.248669E+01 1.257466E+01 1.263023E+01 1.264109E+01 1.273605E+01 1.286668E+01 1.304040E+01 1.324957E+01 1.348305E+01 1.372845E+01 1.401079E+01 1.424546E+01 1.445917E+01
6.467440E+00 6.092188E+00 5.679657E+00 5.254127E+00 4.843626E+00 4.474149E+00 4.165252E+00 3.925519E+00 3.718294E+00 3.526868E+00 3.512220E+00 3.570363E+00 3.633535E+00 3.660520E+00 3.633562E+00 3.555469E+00 3.445947E+00 3.316295E+00 3.169191E+00 3.038540E+00 2.917540E+00 2.810644E+00 2.722126E+00 2.659883E+00 2.619042E+00 2.614441E+00 2.638114E+00 2.685191E+00 2.825482E+00 2.900000E+00 2.983203E+00 3.080027E+00 3.145899E+00 3.245440E+00 3.345032E+00 3.387304E+00 3.493741E+00 3.584636E+00 3.672417E+00 3.694049E+00 3.726941E+00 3.794291E+00 3.870652E+00 3.906513E+00 3.934603E+00 3.949799E+00 3.968471E+00 3.976998E+00 4.049014E+00 4.041315E+00 4.085355E+00 4.065041E+00 4.016277E+00 4.000188E+00 4.163902E+00 4.191571E+00 4.138781E+00 3.995671E+00 3.872945E+00 3.789296E+00 3.738971E+00 3.771147E+00 3.718146E+00 3.799120E+00 3.927760E+00 4.092165E+00 4.241684E+00 4.459467E+00 4.673990E+00 4.864948E+00 5.082676E+00 5.316589E+00 5.556622E+00 5.871413E+00 6.220527E+00 6.604375E+00 7.074101E+00 7.544593E+00 8.060623E+00 8.616890E+00 9.215143E+00 9.847037E+00 1.048562E+01 1.108480E+01 1.164451E+01 1.215798E+01 1.260751E+01 1.297504E+01 1.324893E+01 1.343740E+01 1.356859E+01 1.362250E+01 1.370400E+01 1.381634E+01 1.394830E+01 1.409766E+01 1.425882E+01 1.442471E+01 1.463260E+01 1.479426E+01
6.494689E+00 6.138199E+00 5.754662E+00 5.363556E+00 4.988184E+00 4.653956E+00 4.381763E+00 4.180406E+00 3.588593E+00 3.267093E+00 3.151139E+00 3.151121E+00 3.186625E+00 3.209202E+00 3.196432E+00 3.145587E+00 3.065552E+00 2.956409E+00 2.846647E+00 2.738248E+00 2.641242E+00 2.564385E+00 2.520221E+00 2.494841E+00 2.505696E+00 2.550037E+00 2.616980E+00 2.701142E+00 2.798514E+00 2.969875E+00 3.081524E+00 3.197282E+00 3.306613E+00 3.424779E+00 3.540683E+00 3.610480E+00 3.726196E+00 3.817831E+00 3.837036E+00 3.883209E+00 3.943663E+00 3.997518E+00 4.045528E+00 4.065120E+00 4.073840E+00 4.069276E+00 4.066046E+00 4.054233E+00 4.037896E+00 4.114302E+00 4.077484E+00 4.024027E+00 3.948412E+00 4.124199E+00 4.227047E+00 4.121566E+00 3.987721E+00 3.811765E+00 3.658902E+00 3.547430E+00 3.479625E+00 3.456911E+00 3.417182E+00 3.497556E+00 3.645593E+00 3.853776E+00 4.077432E+00 4.369342E+00 4.622928E+00 4.855657E+00 5.101737E+00 5.355481E+00 5.578343E+00 5.891475E+00 6.231341E+00 6.589574E+00 7.025255E+00 7.448305E+00 7.896704E+00 8.365922E+00 8.857597E+00 9.374665E+00 9.944599E+00 1.053920E+01 1.118730E+01 1.182964E+01 1.244343E+01 1.301469E+01 1.352244E+01 1.394286E+01 1.426404E+01 1.449672E+01 1.460913E+01 1.472450E+01 1.481157E+01 1.492028E+01 1.502933E+01 1.513814E+01 1.524408E+01 1.540521E+01
6.978832E+00 6.730338E+00 6.437022E+00 6.093828E+00 5.720183E+00 5.359968E+00 4.996838E+00 4.312443E+00 3.686433E+00 3.241074E+00 2.979062E+00 2.856725E+00 2.810700E+00 2.787201E+00 2.754629E+00 2.701569E+00 2.632223E+00 2.545037E+00 2.463160E+00 2.395184E+00 2.352906E+00 2.343499E+00 2.359760E+00 2.407526E+00 2.482785E+00 2.576415E+00 2.684308E+00 2.803719E+00 2.928858E+00 3.064780E+00 3.260188E+00 3.400964E+00 3.543261E+00 3.686749E+00 3.793212E+00 3.913079E+00 4.003290E+00 4.052068E+00 4.085811E+00 4.136782E+00 4.195021E+00 4.215261E+00 4.216483E+00 4.197103E+00 4.169714E+00 4.140238E+00 4.107340E+00 4.074325E+00 4.034484E+00 4.001544E+00 4.021086E+00 3.972801E+00 4.086452E+00 4.174311E+00 4.107334E+00 3.979900E+00 3.806896E+00 3.631043E+00 3.463026E+00 3.330350E+00 3.231864E+00 3.118466E+00 3.099367E+00 3.158752E+00 3.308580E+00 3.560164E+00 3.884606E+00 4.185268E+00 4.488295E+00 4.789735E+00 5.083424E+00 5.298346E+00 5.594504E+00 5.922468E+00 6.277292E+00 6.659209E+00 7.070845E+00 7.538849E+00 7.985457E+00 8.435238E+00 8.866279E+00 9.233002E+00 9.476799E+00 9.937549E+00 1.058079E+01 1.128383E+01 1.199572E+01 1.270581E+01 1.340588E+01 1.407730E+01 1.468699E+01 1.519434E+01 1.557319E+01 1.577593E+01 1.592089E+01 1.599856E+01 1.607572E+01 1.613584E+01 1.618474E+01 1.622439E+01
7.751346E+00 7.621593E+00 7.440058E+00 7.174491E+00 6.773011E+00 6.233403E+00 5.522193E+00 4.759387E+00 4.075034E+00 3.516006E+00 3.083646E+00 2.766983E+00 2.547469E+00 2.397758E+00 2.288976E+00 2.203560E+00 2.138322E+00 2.098725E+00 2.091055E+00 2.118520E+00 2.179614E+00 2.260491E+00 2.360995E+00 2.474742E+00 2.597615E+00 2.727393E+00 2.865605E+00 3.011977E+00 3.168683E+00 3.331689E+00 3.528534E+00 3.696424E+00 3.866408E+00 4.035939E+00 4.186930E+00 4.301971E+00 4.360609E+00 4.398451E+00 4.418166E+00 4.413584E+00 4.398951E+00 4.358438E+00 4.309224E+00 4.255350E+00 4.191112E+00 4.135555E+00 4.083753E+00 4.040067E+00 4.008778E+00 3.975213E+00 3.972122E+00 4.039133E+00 4.107664E+00 4.094003E+00 4.011180E+00 3.893895E+00 3.740710E+00 3.576616E+00 3.426730E+00 3.299241E+00 3.189040E+00 3.070282E+00 2.973047E+00 2.903161E+00 2.949898E+00 3.201715E+00 3.563410E+00 3.917610E+00 4.293312E+00 4.660073E+00 5.020435E+00 5.317717E+00 5.646091E+00 5.966166E+00 6.320252E+00 6.745799E+00 7.212549E+00 7.728190E+00 8.228209E+00 8.720663E+00 9.138363E+00 9.335290E+00 9.432876E+00 9.603383E+00 1.003553E+01 1.071700E+01 1.146854E+01 1.224144E+01 1.303471E+01 1.385114E+01 1.468720E+01 1.552512E+01 1.631776E+01 1.696897E+01 1.733596E+01 1.748123E+01 1.749463E+01 1.748544E+01 1.744174E+01 1.738793E+01
8.353840E+00 8.259208E+00 8.111230E+00 7.891101E+00 7.581216E+00 7.215364E+00 6.390479E+00 5.573011E+00 4.816564E+00 4.148031E+00 3.568065E+00 3.067056E+00 2.634241E+00 2.260079E+00 1.936152E+00 1.655130E+00 1.773784E+00 1.898963E+00 2.030703E+00 2.167188E+00 2.308748E+00 2.451630E+00 2.594208E+00 2.734190E+00 2.871885E+00 3.008285E+00 3.177047E+00 3.345436E+00 3.514295E+00 3.683944E+00 3.845412E+00 4.024876E+00 4.210287E+00 4.404748E+00 4.614597E+00 4.832907E+00 4.749448E+00 4.673584E+00 4.600766E+00 4.529339E+00 4.447808E+00 4.373396E+00 4.299262E+00 4.223562E+00 4.143505E+00 4.064232E+00 4.049679E+00 4.018869E+00 3.978909E+00 3.951672E+00 3.963073E+00 4.021735E+00 4.025342E+00 4.017783E+00 4.012813E+00 4.014191E+00 3.874191E+00 3.746076E+00 3.633478E+00 3.531751E+00 3.468377E+00 3.379013E+00 3.270315E+00 3.138427E+00 2.977189E+00 2.785360E+00 3.201760E+00 3.618756E+00 4.051388E+00 4.487592E+00 4.897351E+00 5.321360E+00 5.736473E+00 6.127962E+00 6.483138E+00 6.787987E+00 7.349134E+00 7.922400E+00 8.520645E+00 9.054921E+00 9.440956E+00 9.673005E+00 9.823475E+00 9.947067E+00 1.007668E+01 1.022852E+01 1.102898E+01 1.182377E+01 1.263230E+01 1.346908E+01 1.434498E+01 1.526833E+01 1.624587E+01 1.728326E+01 1.838559E+01 1.955767E+01 1.926445E+01 1.900915E+01 1.883835E+01 1.865124E+01
8.996792E+00 8.909951E+00 8.739071E+00 8.452815E+00 8.053279E+00 7.612845E+00 7.091162E+00 6.424562E+00 5.673920E+00 4.941739E+00 4.274239E+00 3.688457E+00 3.195592E+00 2.804931E+00 2.529322E+00 2.383420E+00 2.352569E+00 2.404888E+00 2.500999E+00 2.626722E+00 2.764736E+00 2.905703E+00 3.047296E+00 3.187450E+00 3.329156E+00 3.471793E+00 3.612981E+00 3.750564E+00 3.881676E+00 4.003982E+00 4.119333E+00 4.177139E+00 4.276781E+00 4.379273E+00 4.495072E+00 4.590604E+00 4.625511E+00 4.611280E+00 4.568959E+00 4.510731E+00 4.442501E+00 4.337481E+00 4.267732E+00 4.200334E+00 4.141616E+00 4.089624E+00 4.031071E+00 3.977823E+00 3.946535E+00 3.963991E+00 3.988906E+00 3.903523E+00 3.883610E+00 3.879077E+00 3.894625E+00 3.918844E+00 3.937651E+00 3.936517E+00 3.907469E+00 3.858122E+00 3.863184E+00 3.789446E+00 3.699328E+00 3.590799E+00 3.470287E+00 3.356855E+00 3.314651E+00 3.504633E+00 3.885427E+00 4.337479E+00 4.799561E+00 5.297906E+00 5.806756E+00 6.308412E+00 6.788261E+00 7.230889E+00 7.669341E+00 8.204481E+00 8.827592E+00 9.389486E+00 9.836903E+00 1.017434E+01 1.042977E+01 1.064107E+01 1.084585E+01 1.108395E+01 1.141493E+01 1.193351E+01 1.258627E+01 1.332238E+01 1.411061E+01 1.493952E+01 1.580066E+01 1.667979E+01 1.754694E+01 1.834053E+01 1.887026E+01 1.920009E+01 1.929327E+01 1.924621E+01
9.845772E+00 9.712875E+00 9.433654E+00 9.002794E+00 8.520423E+00 7.995818E+00 7.435310E+00 6.818287E+00 6.158778E+00 5.497262E+00 4.876870E+00 4.335135E+00 3.886131E+00 3.541885E+00 3.307601E+00 3.176866E+00 3.129908E+00 3.143943E+00 3.207908E+00 3.301438E+00 3.410400E+00 3.523798E+00 3.637039E+00 3.748580E+00 3.853918E+00 3.950508E+00 4.034421E+00 4.105117E+00 4.159055E+00 4.194887E+00 4.221560E+00 4.174584E+00 4.228205E+00 4.320704E+00 4.429562E+00 4.517389E+00 4.561764E+00 4.565261E+00 4.538558E+00 4.486616E+00 4.427859E+00 4.314542E+00 4.251829E+00 4.185400E+00 4.114833E+00 4.037460E+00 3.961840E+00 3.926544E+00 3.930263E+00 3.932622E+00 3.903082E+00 3.752540E+00 3.773783E+00 3.827906E+00 3.896482E+00 3.965133E+00 4.024667E+00 4.071580E+00 4.102572E+00 4.183165E+00 4.154772E+00 4.113988E+00 4.063698E+00 4.009984E+00 3.957394E+00 3.910470E+00 3.879223E+00 3.919132E+00 4.082463E+00 4.379416E+00 4.797735E+00 5.310231E+00 5.868379E+00 6.457401E+00 7.052344E+00 7.625217E+00 8.178860E+00 8.716848E+00 9.277510E+00 9.849730E+00 1.036995E+01 1.081214E+01 1.117574E+01 1.148159E+01 1.175998E+01 1.204267E+01 1.235469E+01 1.273376E+01 1.319241E+01 1.378210E+01 1.440059E+01 1.506939E+01 1.576883E+01 1.647788E+01 1.717186E+01 1.782104E+01 1.839249E+01 1.868808E+01 1.899742E+01 1.918317E+01
1.088893E+01 1.061371E+01 1.014184E+01 9.592121E+00 8.996515E+00 8.407234E+00 7.806021E+00 7.189839E+00 6.575214E+00 5.993382E+00 5.458483E+00 4.998537E+00 4.622085E+00 4.338693E+00 4.144066E+00 4.031361E+00 3.976917E+00 3.977633E+00 4.014600E+00 4.072832E+00 4.140112E+00 4.205795E+00 4.265766E+00 4.318646E+00 4.358824E+00 4.384084E+00 4.392817E+00 4.381049E+00 4.352114E+00 4.312754E+00 4.290780E+00 4.298388E+00 4.356294E+00 4.453636E+00 4.469952E+00 4.531517E+00 4.559122E+00 4.554852E+00 4.522044E+00 4.467124E+00 4.396083E+00 4.313988E+00 4.215701E+00 4.111076E+00 4.016348E+00 3.928498E+00 3.878555E+00 3.869370E+00 3.858664E+00 3.832269E+00 3.808279E+00 3.762087E+00 3.801864E+00 3.862609E+00 3.938071E+00 4.017270E+00 4.135298E+00 4.190270E+00 4.234036E+00 4.263173E+00 4.275073E+00 4.291550E+00 4.310417E+00 4.334226E+00 4.363845E+00 4.382091E+00 4.387266E+00 4.442808E+00 4.547795E+00 4.738291E+00 5.026529E+00 5.457590E+00 5.995185E+00 6.611729E+00 7.272682E+00 7.953711E+00 8.630082E+00 9.272516E+00 9.886237E+00 1.049393E+01 1.107017E+01 1.159939E+01 1.206493E+01 1.246861E+01 1.282707E+01 1.316372E+01 1.350201E+01 1.385019E+01 1.424634E+01 1.468500E+01 1.516568E+01 1.577265E+01 1.632851E+01 1.689347E+01 1.745006E+01 1.797975E+01 1.846434E+01 1.888797E+01 1.899416E+01 1.923233E+01
1.205949E+01 1.156617E+01 1.094151E+01 1.023406E+01 9.558768E+00 8.915335E+00 8.290570E+00 7.689754E+00 7.121817E+00 6.602602E+00 6.148443E+00 5.762938E+00 5.455232E+00 5.224516E+00 5.062393E+00 4.946079E+00 4.889098E+00 4.867002E+00 4.865739E+00 4.873094E+00 4.879943E+00 4.875186E+00 4.865604E+00 4.842514E+00 4.804288E+00 4.753054E+00 4.682141E+00 4.598312E+00 4.510022E+00 4.434457E+00 4.422897E+00 4.440438E+00 4.507053E+00 4.580425E+00 4.628175E+00 4.579485E+00 4.579635E+00 4.547053E+00 4.486627E+00 4.403167E+00 4.300234E+00 4.188833E+00 4.066303E+00 3.952527E+00 3.866696E+00 3.821489E+00 3.794690E+00 3.785014E+00 3.775163E+00 3.771603E+00 3.774690E+00 3.756786E+00 3.797585E+00 3.852465E+00 3.915833E+00 3.987747E+00 4.056378E+00 4.096787E+00 4.140949E+00 4.194045E+00 4.238224E+00 4.319911E+00 4.417220E+00 4.522793E+00 4.631290E+00 4.732272E+00 4.807150E+00 4.919786E+00 5.051469E+00 5.222446E+00 5.443275E+00 5.778854E+00 6.233349E+00 6.810236E+00 7.493442E+00 8.244093E+00 9.022208E+00 9.784010E+00 1.050672E+01 1.120360E+01 1.188570E+01 1.251954E+01 1.310086E+01 1.362178E+01 1.408559E+01 1.450510E+01 1.489754E+01 1.526101E+01 1.564821E+01 1.604705E+01 1.646070E+01 1.688752E+01 1.732178E+01 1.790293E+01 1.835002E+01 1.877560E+01 1.916840E+01 1.951836E+01 1.981765E+01 1.974119E+01
1.340215E+01 1.270184E+01 1.188037E+01 1.106583E+01 1.031153E+01 9.619829E+00 8.976611E+00 8.394591E+00 7.869795E+00 7.408271E+00 7.015368E+00 6.688849E+00 6.428575E+00 6.223693E+00 6.077905E+00 5.929242E+00 5.843406E+00 5.773883E+00 5.710131E+00 5.644645E+00 5.577101E+00 5.497739E+00 5.407174E+00 5.304494E+00 5.189361E+00 5.059757E+00 4.924999E+00 4.790889E+00 4.673648E+00 4.596092E+00 4.600964E+00 4.621323E+00 4.660025E+00 4.683190E+00 4.674912E+00 4.607894E+00 4.558325E+00 4.479502E+00 4.374910E+00 4.250600E+00 4.112164E+00 3.981139E+00 3.861569E+00 3.777725E+00 3.738491E+00 3.733587E+00 3.717228E+00 3.728912E+00 3.744985E+00 3.748563E+00 3.737211E+00 3.712654E+00 3.726867E+00 3.754060E+00 3.790127E+00 3.831431E+00 3.850633E+00 3.884021E+00 3.934898E+00 4.009113E+00 4.086251E+00 4.216114E+00 4.371199E+00 4.542650E+00 4.724528E+00 4.875953E+00 5.062250E+00 5.252806E+00 5.450399E+00 5.663757E+00 5.892675E+00 6.196690E+00 6.591142E+00 7.107314E+00 7.760338E+00 8.561625E+00 9.423438E+00 1.031139E+01 1.117933E+01 1.201049E+01 1.281245E+01 1.357958E+01 1.430317E+01 1.497324E+01 1.558251E+01 1.613115E+01 1.662635E+01 1.707918E+01 1.747906E+01 1.788317E+01 1.827262E+01 1.864989E+01 1.901415E+01 1.936193E+01 1.968794E+01 2.020691E+01 2.050577E+01 2.076633E+01 2.098387E+01 2.115508E+01
1.477187E+01 1.398423E+01 1.307437E+01 1.217525E+01 1.133885E+01 1.060792E+01 9.961059E+00 9.392339E+00 8.897790E+00 8.473540E+00 8.113965E+00 7.813545E+00 7.563489E+00 7.351207E+00 7.108456E+00 6.943847E+00 6.789505E+00 6.638191E+00 6.485845E+00 6.340683E+00 6.184102E+00 6.023179E+00 5.857167E+00 5.685159E+00 5.505763E+00 5.323908E+00 5.145600E+00 4.984840E+00 4.860761E+00 4.769958E+00 4.773148E+00 4.771370E+00 4.753216E+00 4.710629E+00 4.637905E+00 4.543980E+00 4.435754E+00 4.300429E+00 4.149441E+00 3.994156E+00 3.851658E+00 3.735085E+00 3.663409E+00 3.639844E+00 3.649640E+00 3.649742E+00 3.695729E+00 3.725992E+00 3.728747E+00 3.699208E+00 3.638045E+00 3.590037E+00 3.563251E+00 3.554353E+00 3.561860E+00 3.552582E+00 3.579516E+00 3.617431E+00 3.678019E+00 3.765526E+00 3.874802E+00 4.008320E+00 4.191522E+00 4.401919E+00 4.634623E+00 4.862281E+00 5.116352E+00 5.389546E+00 5.673323E+00 5.968000E+00 6.278226E+00 6.601392E+00 6.998756E+00 7.494809E+00 8.128485E+00 8.917708E+00 9.910488E+00 1.092367E+01 1.195363E+01 1.295533E+01 1.391235E+01 1.482884E+01 1.571374E+01 1.655699E+01 1.734936E+01 1.808075E+01 1.874433E+01 1.933832E+01 1.983904E+01 2.030886E+01 2.072450E+01 2.109144E+01 2.141357E+01 2.169292E+01 2.193001E+01 2.212424E+01 2.227452E+01 2.251777E+01 2.259415E+01 2.262518E+01
1.627843E+01 1.558988E+01 1.469318E+01 1.373692E+01 1.285680E+01 1.207247E+01 1.139084E+01 1.080442E+01 1.029843E+01 9.862533E+00 9.482427E+00 9.144102E+00 8.832254E+00 8.448408E+00 8.168193E+00 7.895129E+00 7.627667E+00 7.367225E+00 7.134018E+00 6.895449E+00 6.666860E+00 6.445832E+00 6.228609E+00 6.011595E+00 5.794557E+00 5.578471E+00 5.374699E+00 5.198738E+00 5.044489E+00 4.948642E+00 4.907073E+00 4.836516E+00 4.740211E+00 4.618888E+00 4.473018E+00 4.314042E+00 4.163689E+00 3.984083E+00 3.813916E+00 3.670207E+00 3.572796E+00 3.527271E+00 3.534679E+00 3.575206E+00 3.627927E+00 3.655660E+00 3.731895E+00 3.735978E+00 3.686543E+00 3.603438E+00 3.495299E+00 3.396634E+00 3.330550E+00 3.294758E+00 3.288326E+00 3.277269E+00 3.313150E+00 3.361065E+00 3.426626E+00 3.511202E+00 3.612340E+00 3.741789E+00 3.915864E+00 4.135002E+00 4.390276E+00 4.662255E+00 4.969930E+00 5.308868E+00 5.673333E+00 6.063579E+00 6.478293E+00 6.898992E+00 7.365364E+00 7.893558E+00 8.533366E+00 9.324686E+00 1.028145E+01 1.151155E+01 1.271027E+01 1.393033E+01 1.511629E+01 1.624296E+01 1.730651E+01 1.834094E+01 1.933686E+01 2.029054E+01 2.119002E+01 2.201929E+01 2.276240E+01 2.338164E+01 2.392429E+01 2.436027E+01 2.469307E+01 2.492950E+01 2.507806E+01 2.514758E+01 2.514658E+01 2.508280E+01 2.512453E+01 2.497560E+01
1.773748E+01 1.746396E+01 1.684684E+01 1.601132E+01 1.512054E+01 1.427171E+01 1.350344E+01 1.281925E+01 1.219764E+01 1.163307E+01 1.110186E+01 1.058998E+01 9.966006E+00 9.487372E+00 9.027680E+00 8.594183E+00 8.195230E+00 7.861303E+00 7.545555E+00 7.267179E+00 7.017830E+00 6.786983E+00 6.564043E+00 6.343780E+00 6.114419E+00 5.881772E+00 5.655644E+00 5.429926E+00 5.246062E+00 5.079603E+00 4.944042E+00 4.768970E+00 4.570344E+00 4.356714E+00 4.135518E+00 3.921072E+00 3.738513E+00 3.561654E+00 3.434429E+00 3.373262E+00 3.380819E+00 3.438649E+00 3.525115E+00 3.621490E+00 3.713510E+00 3.761797E+00 3.815372E+00 3.759797E+00 3.639630E+00 3.486152E+00 3.334390E+00 3.192348E+00 3.093071E+00 3.036933E+00 3.024749E+00 3.031004E+00 3.080698E+00 3.141881E+00 3.212734E+00 3.290467E+00 3.374628E+00 3.469643E+00 3.606921E+00 3.792617E+00 4.040075E+00 4.328958E+00 4.664578E+00 5.040047E+00 5.453791E+00 5.911618E+00 6.421995E+00 6.969793E+00 7.569671E+00 8.185592E+00 8.848889E+00 9.625549E+00 1.056175E+01 1.167720E+01 1.313900E+01 1.456411E+01 1.605194E+01 1.752275E+01 1.892051E+01 2.019198E+01 2.140752E+01 2.257665E+01 2.371890E+01 2.483392E+01 2.590370E+01 2.687183E+01 2.774766E+01 2.846082E+01 2.897599E+01 2.927730E+01 2.937266E+01 2.928881E+01 2.906126E+01 2.872532E+01 2.831119E+01 2.784262E+01
1.849645E+01 1.906603E+01 1.930301E+01 1.910971E+01 1.851572E+01 1.766208E+01 1.668945E+01 1.567079E+01 1.465904E+01 1.366614E+01 1.270398E+01 1.166583E+01 1.082062E+01 1.004683E+01 9.358607E+00 8.772573E+00 8.323245E+00 7.962575E+00 7.687589E+00 7.468687E+00 7.282648E+00 7.113040E+00 6.946695E+00 6.773711E+00 6.573328E+00 6.335453E+00 6.044736E+00 5.740066E+00 5.426189E+00 5.110911E+00 4.815424E+00 4.501335E+00 4.192942E+00 3.899139E+00 3.627335E+00 3.393774E+00 3.227680E+00 3.146697E+00 3.171163E+00 3.262811E+00 3.386036E+00 3.526454E+00 3.673953E+00 3.823482E+00 3.947789E+00 4.021526E+00 4.010270E+00 3.872399E+00 3.677220E+00 3.469965E+00 3.277449E+00 3.096488E+00 2.946616E+00 2.834198E+00 2.774229E+00 2.800817E+00 2.867366E+00 2.948085E+00 3.033172E+00 3.117651E+00 3.203630E+00 3.281474E+00 3.364427E+00 3.468060E+00 3.637778E+00 3.917293E+00 4.262213E+00 4.650921E+00 5.081144E+00 5.560199E+00 6.103983E+00 6.710814E+00 7.418360E+00 8.198891E+00 8.966130E+00 9.719519E+00 1.058125E+01 1.161271E+01 1.283709E+01 1.446576E+01 1.611929E+01 1.794871E+01 1.988288E+01 2.177711E+01 2.339749E+01 2.476500E+01 2.601090E+01 2.725108E+01 2.853401E+01 2.986718E+01 3.121380E+01 3.254865E+01 3.374707E+01 3.463263E+01 3.501108E+01 3.482309E+01 3.420504E+01 3.334879E+01 3.239120E+01 3.140789E+01
1.811652E+01 1.906509E+01 2.002210E+01 2.098839E+01 2.198142E+01 2.303484E+01 2.061612E+01 1.847526E+01 1.658021E+01 1.490469E+01 1.342526E+01 1.213066E+01 1.097701E+01 9.956341E+00 9.050675E+00 8.243762E+00 8.069527E+00 7.911649E+00 7.768875E+00 7.639887E+00 7.523423E+00 7.418360E+00 7.323766E+00 7.233913E+00 7.160269E+00 7.095492E+00 6.458327E+00 5.884511E+00 5.365961E+00 4.896263E+00 4.468481E+00 4.077527E+00 3.715819E+00 3.389419E+00 3.089240E+00 2.813065E+00 2.959615E+00 3.111845E+00 3.265869E+00 3.422844E+00 3.591894E+00 3.770030E+00 3.962556E+00 4.162199E+00 4.371695E+00 4.591086E+00 4.336555E+00 4.097685E+00 3.870931E+00 3.664777E+00 3.464701E+00 3.275455E+00 3.091809E+00 2.920791E+00 2.742808E+00 2.562782E+00 2.673196E+00 2.782478E+00 2.879836E+00 2.983096E+00 3.081508E+00 3.171291E+00 3.259407E+00 3.340125E+00 3.410366E+00 3.473860E+00 3.826785E+00 4.209396E+00 4.644264E+00 5.115422E+00 5.636542E+00 6.225398E+00 6.893237E+00 7.667704E+00 8.561419E+00 9.593570E+00 1.031170E+01 1.119366E+01 1.224710E+01 1.364882E+01 1.515168E+01 1.689150E+01 1.889636E+01 2.119986E+01 2.381689E+01 2.687089E+01 2.760476E+01 2.851605E+01 2.959553E+01 3.083900E+01 3.224943E+01 3.382470E+01 3.557437E+01 3.750858E+01 3.964065E+01 4.198728E+01 3.972472E+01 3.771531E+01 3.591696E+01 3.429640E+01
1.694287E+01 1.767917E+01 1.834549E+01 1.886384E+01 1.910119E+01 1.887703E+01 1.811361E+01 1.691430E+01 1.553941E+01 1.417276E+01 1.309438E+01 1.192533E+01 1.093622E+01 1.010829E+01 9.347224E+00 8.850823E+00 8.481877E+00 8.200115E+00 7.971965E+00 7.774794E+00 7.592962E+00 7.413229E+00 7.189879E+00 6.966614E+00 6.695252E+00 6.339788E+00 5.915377E+00 5.457683E+00 5.003925E+00 4.580801E+00 4.175224E+00 3.837615E+00 3.545871E+00 3.340885E+00 3.240811E+00 3.243745E+00 3.313380E+00 3.432781E+00 3.571751E+00 3.681621E+00 3.824676E+00 3.945669E+00 4.050770E+00 4.077866E+00 4.070346E+00 4.060435E+00 4.068485E+00 4.039574E+00 3.982534E+00 3.890729E+00 3.749706E+00 3.590012E+00 3.452583E+00 3.275380E+00 3.101891E+00 2.950670E+00 2.819866E+00 2.783620E+00 2.832742E+00 2.904894E+00 3.000447E+00 3.097350E+00 3.215577E+00 3.310547E+00 3.405094E+00 3.508722E+00 3.651810E+00 3.888575E+00 4.232909E+00 4.679340E+00 5.147738E+00 5.672358E+00 6.263517E+00 6.926855E+00 7.671648E+00 8.498843E+00 9.389036E+00 1.030546E+01 1.126999E+01 1.232491E+01 1.363667E+01 1.505288E+01 1.664596E+01 1.841411E+01 2.029236E+01 2.228490E+01 2.434390E+01 2.600433E+01 2.742060E+01 2.871445E+01 2.998099E+01 3.128900E+01 3.257999E+01 3.383543E+01 3.495040E+01 3.574149E+01 3.599122E+01 3.561999E+01 3.477801E+01 3.368840E+01
1.555254E+01 1.599546E+01 1.631314E+01 1.645149E+01 1.635962E+01 1.602538E+01 1.543474E+01 1.465750E+01 1.377764E+01 1.311483E+01 1.224558E+01 1.139511E+01 1.068839E+01 9.842376E+00 9.338975E+00 8.914110E+00 8.553216E+00 8.240652E+00 7.961603E+00 7.702686E+00 7.451642E+00 7.196649E+00 6.863840E+00 6.590768E+00 6.265907E+00 5.909344E+00 5.531626E+00 5.150363E+00 4.784566E+00 4.456256E+00 4.134116E+00 3.879942E+00 3.713150E+00 3.614897E+00 3.583158E+00 3.593126E+00 3.631092E+00 3.716921E+00 3.806272E+00 3.803724E+00 3.840180E+00 3.902020E+00 3.888664E+00 3.874275E+00 3.868599E+00 3.896361E+00 3.955240E+00 3.964643E+00 3.970061E+00 3.967294E+00 3.919576E+00 3.897576E+00 3.768092E+00 3.616900E+00 3.458450E+00 3.324679E+00 3.167843E+00 3.061411E+00 3.002159E+00 2.975748E+00 3.010430E+00 3.116317E+00 3.204235E+00 3.300676E+00 3.403507E+00 3.519566E+00 3.666967E+00 3.824856E+00 4.044885E+00 4.396998E+00 4.770287E+00 5.206129E+00 5.710245E+00 6.266526E+00 6.885945E+00 7.570909E+00 8.321754E+00 9.136657E+00 1.001524E+01 1.093259E+01 1.196148E+01 1.317052E+01 1.442361E+01 1.577417E+01 1.720545E+01 1.864647E+01 2.014485E+01 2.191434E+01 2.332851E+01 2.464907E+01 2.587378E+01 2.686199E+01 2.809217E+01 2.901353E+01 2.978584E+01 3.036546E+01 3.071015E+01 3.079549E+01 3.062712E+01 3.024014E+01
1.422395E+01 1.444898E+01 1.455221E+01 1.451118E+01 1.432944E+01 1.398862E+01 1.352083E+01 1.296245E+01 1.262973E+01 1.196527E+01 1.137187E+01 1.073936E+01 9.846922E+00 9.410054E+00 9.018403E+00 8.667081E+00 8.349138E+00 8.056626E+00 7.781126E+00 7.513939E+00 7.246221E+00 6.870614E+00 6.614485E+00 6.308649E+00 5.985762E+00 5.653003E+00 5.321571E+00 5.004207E+00 4.712860E+00 4.466411E+00 4.217412E+00 4.023891E+00 3.917525E+00 3.859341E+00 3.817213E+00 3.834874E+00 3.869857E+00 3.861601E+00 3.883687E+00 3.887644E+00 3.748273E+00 3.845207E+00 3.848810E+00 3.858763E+00 3.909265E+00 3.918306E+00 3.921243E+00 3.977482E+00 3.974381E+00 3.974106E+00 3.976474E+00 4.047235E+00 3.976827E+00 3.876143E+00 3.789745E+00 3.657481E+00 3.527640E+00 3.383544E+00 3.291094E+00 3.229112E+00 3.151878E+00 3.218040E+00 3.265663E+00 3.337351E+00 3.433942E+00 3.538861E+00 3.660267E+00 3.835052E+00 4.005314E+00 4.225594E+00 4.591028E+00 4.930260E+00 5.342996E+00 5.798142E+00 6.309140E+00 6.876384E+00 7.500661E+00 8.182808E+00 8.923787E+00 9.725102E+00 1.054049E+01 1.146443E+01 1.260285E+01 1.367037E+01 1.478610E+01 1.593463E+01 1.702932E+01 1.818928E+01 1.976116E+01 2.088064E+01 2.193535E+01 2.272064E+01 2.386122E+01 2.464243E+01 2.530405E+01 2.583196E+01 2.621431E+01 2.644435E+01 2.652281E+01 2.645871E+01
1.304865E+01 1.313338E+01 1.311906E+01 1.300067E+01 1.279808E+01 1.249475E+01 1.212206E+01 1.195375E+01 1.145578E+01 1.102540E+01 1.060233E+01 9.578271E+00 9.227158E+00 8.899908E+00 8.596149E+00 8.313265E+00 8.047001E+00 7.791840E+00 7.541295E+00 7.288397E+00 7.026622E+00 6.660284E+00 6.376415E+00 6.080503E+00 5.779208E+00 5.481551E+00 5.197137E+00 4.934752E+00 4.714567E+00 4.515167E+00 4.316730E+00 4.152236E+00 4.075143E+00 4.030607E+00 3.970673E+00 3.968660E+00 3.971038E+00 3.905761E+00 3.901180E+00 3.900457E+00 3.715587E+00 3.897930E+00 3.925193E+00 3.948375E+00 4.023356E+00 4.020153E+00 4.002336E+00 4.049799E+00 4.020253E+00 4.002947E+00 4.005695E+00 4.134081E+00 4.100362E+00 4.045884E+00 4.019213E+00 3.924628E+00 3.821418E+00 3.677974E+00 3.585596E+00 3.507311E+00 3.372196E+00 3.416089E+00 3.418254E+00 3.450607E+00 3.519665E+00 3.603163E+00 3.708739E+00 3.880587E+00 4.036455E+00 4.210608E+00 4.562305E+00 4.836340E+00 5.157056E+00 5.550882E+00 5.971122E+00 6.440199E+00 6.958193E+00 7.525201E+00 8.141265E+00 8.806289E+00 9.459856E+00 1.021570E+01 1.101701E+01 1.212294E+01 1.301260E+01 1.392189E+01 1.473330E+01 1.564877E+01 1.654808E+01 1.797064E+01 1.883563E+01 1.942184E+01 2.014854E+01 2.113099E+01 2.171248E+01 2.220004E+01 2.258837E+01 2.287480E+01 2.305976E+01 2.314688E+01
