iteration,total_runs,obs_realization,par_realization,gage,headwater,in_ghb,in_rch,in_sfr,in_ss,in_sy,in_wel,out_ghb,out_rch,out_sfr,out_ss,out_sy,out_wel,tailwater,trgw_0_13_10,trgw_0_15_16,trgw_0_21_10,trgw_0_22_15,trgw_0_24_4,trgw_0_26_6,trgw_0_29_15,trgw_0_2_15,trgw_0_2_9,trgw_0_33_7,trgw_0_34_10,trgw_0_3_8,trgw_0_9_1,trgw_2_13_10,trgw_2_15_16,trgw_2_21_10,trgw_2_22_15,trgw_2_24_4,trgw_2_26_6,trgw_2_29_15,trgw_2_2_15,trgw_2_2_9,trgw_2_33_7,trgw_2_34_10,trgw_2_3_8,trgw_2_9_1
0,1,base,base,34.4298,12.355,0,2.06795e-25,0,228.558,143.544,0,2.93446,0,37.5985,228.054,148.962,0,6.05125,7.79833e-06,5.39264e-06,9.04382e-06,5.11348e-06,1.31106e-05,8.68723e-06,2.90345e-06,3.67576e-06,8.71766e-06,7.12567e-06,4.09753e-06,6.89505e-06,1.33141e-05,9.505e-06,4.47918e-06,7.14844e-06,4.38106e-06,9.3599e-06,1.32436e-05,6.00488e-06,4.6453e-06,7.38076e-06,5.91585e-06,2.63249e-06,1.04483e-05,1.6269e-05
