time,HEADWATER,TAILWATER,GAGE_1
0.1000000000000,-2307.224386583036,925.3450323967520,2018.527303571073
