time,HEADWATER,TAILWATER,GAGE_1
0.1000000000000,-2305.258505240662,925.2626293733765,2016.637062172039
