time,HEADWATER,TAILWATER,GAGE_1
0.1000000000000,-1109.435686369614,-847.3867366545552,2427.388780627065
